studyName;Sample Number;Species;Region;Island;Stage;Individual ID;Clutch Completion;Date Egg;Culmen Length (mm);Culmen Depth (mm);Flipper Length (mm);Body Mass (g);Sex;Delta 15 N (o/oo);Delta 13 C (o/oo);Comments
PAL0708;1;Adelie Penguin (Pygoscelis adeliae);Anvers;Torgersen;Adult, 1 Egg Stage;N1A1;Yes;11/11/2007;39.1;18.7;181;3750;MALE;;;Not enough blood for isotopes.
PAL0708;2;Adelie Penguin (Pygoscelis adeliae);Anvers;Torgersen;Adult, 1 Egg Stage;N1A2;Yes;11/11/2007;39.5;17.4;186;3800;FEMALE;894.956;-2.469.454;
PAL0708;3;Adelie Penguin (Pygoscelis adeliae);Anvers;Torgersen;Adult, 1 Egg Stage;N2A1;Yes;11/16/07;40.3;18;195;3250;FEMALE;836.821;-2.533.302;
PAL0708;4;Adelie Penguin (Pygoscelis adeliae);Anvers;Torgersen;Adult, 1 Egg Stage;N2A2;Yes;11/16/07;;;;;;;;Adult not sampled.
PAL0708;5;Adelie Penguin (Pygoscelis adeliae);Anvers;Torgersen;Adult, 1 Egg Stage;N3A1;Yes;11/16/07;36.7;19.3;193;3450;FEMALE;876.651;-2.532.426;
PAL0708;6;Adelie Penguin (Pygoscelis adeliae);Anvers;Torgersen;Adult, 1 Egg Stage;N3A2;Yes;11/16/07;39.3;20.6;190;3650;MALE;866.496;-2.529.805;
PAL0708;7;Adelie Penguin (Pygoscelis adeliae);Anvers;Torgersen;Adult, 1 Egg Stage;N4A1;No;11/15/07;38.9;17.8;181;3625;FEMALE;918.718;-2.521.799;Nest never observed with full clutch.
PAL0708;8;Adelie Penguin (Pygoscelis adeliae);Anvers;Torgersen;Adult, 1 Egg Stage;N4A2;No;11/15/07;39.2;19.6;195;4675;MALE;94.606;-2.489.958;Nest never observed with full clutch.
PAL0708;9;Adelie Penguin (Pygoscelis adeliae);Anvers;Torgersen;Adult, 1 Egg Stage;N5A1;Yes;11/09/2007;34.1;18.1;193;3475;;;;No blood sample obtained.
PAL0708;10;Adelie Penguin (Pygoscelis adeliae);Anvers;Torgersen;Adult, 1 Egg Stage;N5A2;Yes;11/09/2007;42;20.2;190;4250;;913.362;-2.509.368;No blood sample obtained for sexing.
PAL0708;11;Adelie Penguin (Pygoscelis adeliae);Anvers;Torgersen;Adult, 1 Egg Stage;N6A1;Yes;11/09/2007;37.8;17.1;186;3300;;863.243;-2.521.315;No blood sample obtained for sexing.
PAL0708;12;Adelie Penguin (Pygoscelis adeliae);Anvers;Torgersen;Adult, 1 Egg Stage;N6A2;Yes;11/09/2007;37.8;17.3;180;3700;;;;No blood sample obtained.
PAL0708;13;Adelie Penguin (Pygoscelis adeliae);Anvers;Torgersen;Adult, 1 Egg Stage;N7A1;Yes;11/15/07;41.1;17.6;182;3200;FEMALE;;;Not enough blood for isotopes.
PAL0708;14;Adelie Penguin (Pygoscelis adeliae);Anvers;Torgersen;Adult, 1 Egg Stage;N7A2;Yes;11/15/07;38.6;21.2;191;3800;MALE;;;Not enough blood for isotopes.
PAL0708;15;Adelie Penguin (Pygoscelis adeliae);Anvers;Torgersen;Adult, 1 Egg Stage;N8A1;Yes;11/16/07;34.6;21.1;198;4400;MALE;855.583;-2.522.588;
PAL0708;16;Adelie Penguin (Pygoscelis adeliae);Anvers;Torgersen;Adult, 1 Egg Stage;N8A2;Yes;11/16/07;36.6;17.8;185;3700;FEMALE;;;Not enough blood for isotopes.
PAL0708;17;Adelie Penguin (Pygoscelis adeliae);Anvers;Torgersen;Adult, 1 Egg Stage;N9A1;Yes;11/12/2007;38.7;19;195;3450;FEMALE;918.528;-2.506.691;
PAL0708;18;Adelie Penguin (Pygoscelis adeliae);Anvers;Torgersen;Adult, 1 Egg Stage;N9A2;Yes;11/12/2007;42.5;20.7;197;4500;MALE;867.538;-2.513.993;
PAL0708;19;Adelie Penguin (Pygoscelis adeliae);Anvers;Torgersen;Adult, 1 Egg Stage;N10A1;Yes;11/16/07;34.4;18.4;184;3325;FEMALE;847.827;-2.523.319;
PAL0708;20;Adelie Penguin (Pygoscelis adeliae);Anvers;Torgersen;Adult, 1 Egg Stage;N10A2;Yes;11/16/07;46;21.5;194;4200;MALE;911.616;-2.477.227;
PAL0708;21;Adelie Penguin (Pygoscelis adeliae);Anvers;Biscoe;Adult, 1 Egg Stage;N11A1;Yes;11/12/2007;37.8;18.3;174;3400;FEMALE;873.762;-2.509.383;
PAL0708;22;Adelie Penguin (Pygoscelis adeliae);Anvers;Biscoe;Adult, 1 Egg Stage;N11A2;Yes;11/12/2007;37.7;18.7;180;3600;MALE;866.271;-250.639;
PAL0708;23;Adelie Penguin (Pygoscelis adeliae);Anvers;Biscoe;Adult, 1 Egg Stage;N12A1;Yes;11/12/2007;35.9;19.2;189;3800;FEMALE;922.286;-2.503.474;
PAL0708;24;Adelie Penguin (Pygoscelis adeliae);Anvers;Biscoe;Adult, 1 Egg Stage;N12A2;Yes;11/12/2007;38.2;18.1;185;3950;MALE;843.423;-2.522.664;
PAL0708;25;Adelie Penguin (Pygoscelis adeliae);Anvers;Biscoe;Adult, 1 Egg Stage;N13A1;Yes;11/10/2007;38.8;17.2;180;3800;MALE;963.954;-2.529.856;
PAL0708;26;Adelie Penguin (Pygoscelis adeliae);Anvers;Biscoe;Adult, 1 Egg Stage;N13A2;Yes;11/10/2007;35.3;18.9;187;3800;FEMALE;921.292;-243.613;
PAL0708;27;Adelie Penguin (Pygoscelis adeliae);Anvers;Biscoe;Adult, 1 Egg Stage;N17A1;Yes;11/12/2007;40.6;18.6;183;3550;MALE;893.997;-2.536.288;
PAL0708;28;Adelie Penguin (Pygoscelis adeliae);Anvers;Biscoe;Adult, 1 Egg Stage;N17A2;Yes;11/12/2007;40.5;17.9;187;3200;FEMALE;808.138;-2.549.448;
PAL0708;29;Adelie Penguin (Pygoscelis adeliae);Anvers;Biscoe;Adult, 1 Egg Stage;N18A1;No;11/10/2007;37.9;18.6;172;3150;FEMALE;838.404;-2.519.837;Nest never observed with full clutch.
PAL0708;30;Adelie Penguin (Pygoscelis adeliae);Anvers;Biscoe;Adult, 1 Egg Stage;N18A2;No;11/10/2007;40.5;18.9;180;3950;MALE;890.027;-2.511.609;Nest never observed with full clutch.
PAL0708;31;Adelie Penguin (Pygoscelis adeliae);Anvers;Dream;Adult, 1 Egg Stage;N21A1;Yes;11/09/2007;39.5;16.7;178;3250;FEMALE;969.756;-2.511.223;
PAL0708;32;Adelie Penguin (Pygoscelis adeliae);Anvers;Dream;Adult, 1 Egg Stage;N21A2;Yes;11/09/2007;37.2;18.1;178;3900;MALE;972.764;-250.102;
PAL0708;33;Adelie Penguin (Pygoscelis adeliae);Anvers;Dream;Adult, 1 Egg Stage;N22A1;Yes;11/09/2007;39.5;17.8;188;3300;FEMALE;966.523;-250.602;
PAL0708;34;Adelie Penguin (Pygoscelis adeliae);Anvers;Dream;Adult, 1 Egg Stage;N22A2;Yes;11/09/2007;40.9;18.9;184;3900;MALE;879.665;-2.514.591;
PAL0708;35;Adelie Penguin (Pygoscelis adeliae);Anvers;Dream;Adult, 1 Egg Stage;N23A1;Yes;11/16/07;36.4;17;195;3325;FEMALE;917.847;-2.523.061;
PAL0708;36;Adelie Penguin (Pygoscelis adeliae);Anvers;Dream;Adult, 1 Egg Stage;N23A2;Yes;11/16/07;39.2;21.1;196;4150;MALE;915.308;-2.503.469;
PAL0708;37;Adelie Penguin (Pygoscelis adeliae);Anvers;Dream;Adult, 1 Egg Stage;N24A1;Yes;11/16/07;38.8;20;190;3950;MALE;918.985;-2.512.255;
PAL0708;38;Adelie Penguin (Pygoscelis adeliae);Anvers;Dream;Adult, 1 Egg Stage;N24A2;Yes;11/16/07;42.2;18.5;180;3550;FEMALE;804.787;-2.549.523;
PAL0708;39;Adelie Penguin (Pygoscelis adeliae);Anvers;Dream;Adult, 1 Egg Stage;N25A1;No;11/13/07;37.6;19.3;181;3300;FEMALE;941.131;-2.504.169;Nest never observed with full clutch.
PAL0708;40;Adelie Penguin (Pygoscelis adeliae);Anvers;Dream;Adult, 1 Egg Stage;N25A2;No;11/13/07;39.8;19.1;184;4650;MALE;;;Nest never observed with full clutch. Not enough blood for isotopes.
PAL0708;41;Adelie Penguin (Pygoscelis adeliae);Anvers;Dream;Adult, 1 Egg Stage;N26A1;Yes;11/16/07;36.5;18;182;3150;FEMALE;968.933;-244.228;
PAL0708;42;Adelie Penguin (Pygoscelis adeliae);Anvers;Dream;Adult, 1 Egg Stage;N26A2;Yes;11/16/07;40.8;18.4;195;3900;MALE;;;Not enough blood for isotopes.
PAL0708;43;Adelie Penguin (Pygoscelis adeliae);Anvers;Dream;Adult, 1 Egg Stage;N27A1;Yes;11/19/07;36;18.5;186;3100;FEMALE;950.772;-2.503.492;
PAL0708;44;Adelie Penguin (Pygoscelis adeliae);Anvers;Dream;Adult, 1 Egg Stage;N27A2;Yes;11/19/07;44.1;19.7;196;4400;MALE;92.372;-2.452.698;
PAL0708;45;Adelie Penguin (Pygoscelis adeliae);Anvers;Dream;Adult, 1 Egg Stage;N28A1;Yes;11/16/07;37;16.9;185;3000;FEMALE;936.392;-2.501.745;
PAL0708;46;Adelie Penguin (Pygoscelis adeliae);Anvers;Dream;Adult, 1 Egg Stage;N28A2;Yes;11/16/07;39.6;18.8;190;4600;MALE;949.106;-2.410.255;
PAL0708;47;Adelie Penguin (Pygoscelis adeliae);Anvers;Dream;Adult, 1 Egg Stage;N29A1;Yes;11/13/07;41.1;19;182;3425;MALE;;;Not enough blood for isotopes.
PAL0708;48;Adelie Penguin (Pygoscelis adeliae);Anvers;Dream;Adult, 1 Egg Stage;N29A2;Yes;11/13/07;37.5;18.9;179;2975;;;;Sexing primers did not amplify. Not enough blood for isotopes.
PAL0708;49;Adelie Penguin (Pygoscelis adeliae);Anvers;Dream;Adult, 1 Egg Stage;N30A1;Yes;11/13/07;36;17.9;190;3450;FEMALE;951.784;-2.507.683;
PAL0708;50;Adelie Penguin (Pygoscelis adeliae);Anvers;Dream;Adult, 1 Egg Stage;N30A2;Yes;11/13/07;42.3;21.2;191;4150;MALE;887.988;-2.518.543;
PAL0809;51;Adelie Penguin (Pygoscelis adeliae);Anvers;Biscoe;Adult, 1 Egg Stage;N21A1;Yes;11/06/2008;39.6;17.7;186;3500;FEMALE;846.616;-2.612.989;
PAL0809;52;Adelie Penguin (Pygoscelis adeliae);Anvers;Biscoe;Adult, 1 Egg Stage;N21A2;Yes;11/06/2008;40.1;18.9;188;4300;MALE;851.362;-2.655.602;
PAL0809;53;Adelie Penguin (Pygoscelis adeliae);Anvers;Biscoe;Adult, 1 Egg Stage;N22A1;Yes;11/09/2008;35;17.9;190;3450;FEMALE;819.539;-2.617.213;
PAL0809;54;Adelie Penguin (Pygoscelis adeliae);Anvers;Biscoe;Adult, 1 Egg Stage;N22A2;Yes;11/09/2008;42;19.5;200;4050;MALE;848.095;-263.146;
PAL0809;55;Adelie Penguin (Pygoscelis adeliae);Anvers;Biscoe;Adult, 1 Egg Stage;N23A1;Yes;11/09/2008;34.5;18.1;187;2900;FEMALE;841.837;-2.654.718;
PAL0809;56;Adelie Penguin (Pygoscelis adeliae);Anvers;Biscoe;Adult, 1 Egg Stage;N23A2;Yes;11/09/2008;41.4;18.6;191;3700;MALE;835.396;-2.627.853;
PAL0809;57;Adelie Penguin (Pygoscelis adeliae);Anvers;Biscoe;Adult, 1 Egg Stage;N24A1;Yes;11/15/08;39;17.5;186;3550;FEMALE;857.199;-2.607.188;
PAL0809;58;Adelie Penguin (Pygoscelis adeliae);Anvers;Biscoe;Adult, 1 Egg Stage;N24A2;Yes;11/15/08;40.6;18.8;193;3800;MALE;856.674;-2.598.843;
PAL0809;59;Adelie Penguin (Pygoscelis adeliae);Anvers;Biscoe;Adult, 1 Egg Stage;N25A1;Yes;11/15/08;36.5;16.6;181;2850;FEMALE;907.878;-2.588.156;
PAL0809;60;Adelie Penguin (Pygoscelis adeliae);Anvers;Biscoe;Adult, 1 Egg Stage;N25A2;Yes;11/15/08;37.6;19.1;194;3750;MALE;9.108;-2.589.677;
PAL0809;61;Adelie Penguin (Pygoscelis adeliae);Anvers;Biscoe;Adult, 1 Egg Stage;N27A1;Yes;11/13/08;35.7;16.9;185;3150;FEMALE;896.472;-2.640.943;
PAL0809;62;Adelie Penguin (Pygoscelis adeliae);Anvers;Biscoe;Adult, 1 Egg Stage;N27A2;Yes;11/13/08;41.3;21.1;195;4400;MALE;874.802;-2.637.809;
PAL0809;63;Adelie Penguin (Pygoscelis adeliae);Anvers;Biscoe;Adult, 1 Egg Stage;N28A1;Yes;11/13/08;37.6;17;185;3600;FEMALE;858.063;-2.621.569;
PAL0809;64;Adelie Penguin (Pygoscelis adeliae);Anvers;Biscoe;Adult, 1 Egg Stage;N28A2;Yes;11/13/08;41.1;18.2;192;4050;MALE;862.264;-2.660.023;
PAL0809;65;Adelie Penguin (Pygoscelis adeliae);Anvers;Biscoe;Adult, 1 Egg Stage;N29A1;Yes;11/13/08;36.4;17.1;184;2850;FEMALE;862.623;-261.165;
PAL0809;66;Adelie Penguin (Pygoscelis adeliae);Anvers;Biscoe;Adult, 1 Egg Stage;N29A2;Yes;11/13/08;41.6;18;192;3950;MALE;885.562;-2.609.294;
PAL0809;67;Adelie Penguin (Pygoscelis adeliae);Anvers;Biscoe;Adult, 1 Egg Stage;N30A1;Yes;11/06/2008;35.5;16.2;195;3350;FEMALE;856.192;-2.595.541;
PAL0809;68;Adelie Penguin (Pygoscelis adeliae);Anvers;Biscoe;Adult, 1 Egg Stage;N30A2;Yes;11/06/2008;41.1;19.1;188;4100;MALE;871.078;-2.581.012;
PAL0809;69;Adelie Penguin (Pygoscelis adeliae);Anvers;Torgersen;Adult, 1 Egg Stage;N32A1;No;11/11/2008;35.9;16.6;190;3050;FEMALE;847.781;-2.607.821;Nest never observed with full clutch.
PAL0809;70;Adelie Penguin (Pygoscelis adeliae);Anvers;Torgersen;Adult, 1 Egg Stage;N32A2;No;11/11/2008;41.8;19.4;198;4450;MALE;886.853;-2.606.209;Nest never observed with full clutch.
PAL0809;71;Adelie Penguin (Pygoscelis adeliae);Anvers;Torgersen;Adult, 1 Egg Stage;N34A1;Yes;11/14/08;33.5;19;190;3600;FEMALE;788.863;-2.663.085;
PAL0809;72;Adelie Penguin (Pygoscelis adeliae);Anvers;Torgersen;Adult, 1 Egg Stage;N34A2;Yes;11/14/08;39.7;18.4;190;3900;MALE;929.808;-2.523.453;
PAL0809;73;Adelie Penguin (Pygoscelis adeliae);Anvers;Torgersen;Adult, 1 Egg Stage;N35A1;Yes;11/11/2008;39.6;17.2;196;3550;FEMALE;833.524;-2.655.351;
PAL0809;74;Adelie Penguin (Pygoscelis adeliae);Anvers;Torgersen;Adult, 1 Egg Stage;N35A2;Yes;11/11/2008;45.8;18.9;197;4150;MALE;818.658;-2.645.978;
PAL0809;75;Adelie Penguin (Pygoscelis adeliae);Anvers;Torgersen;Adult, 1 Egg Stage;N36A1;Yes;11/08/2008;35.5;17.5;190;3700;FEMALE;870.642;-2.615.003;
PAL0809;76;Adelie Penguin (Pygoscelis adeliae);Anvers;Torgersen;Adult, 1 Egg Stage;N36A2;Yes;11/08/2008;42.8;18.5;195;4250;MALE;82.993;-2.638.986;
PAL0809;77;Adelie Penguin (Pygoscelis adeliae);Anvers;Torgersen;Adult, 1 Egg Stage;N37A1;Yes;11/06/2008;40.9;16.8;191;3700;FEMALE;847.257;-2.602.002;
PAL0809;78;Adelie Penguin (Pygoscelis adeliae);Anvers;Torgersen;Adult, 1 Egg Stage;N37A2;Yes;11/06/2008;37.2;19.4;184;3900;MALE;83.554;-2.644.787;
PAL0809;79;Adelie Penguin (Pygoscelis adeliae);Anvers;Torgersen;Adult, 1 Egg Stage;N38A1;Yes;11/09/2008;36.2;16.1;187;3550;FEMALE;782.381;-2.651.382;
PAL0809;80;Adelie Penguin (Pygoscelis adeliae);Anvers;Torgersen;Adult, 1 Egg Stage;N38A2;Yes;11/09/2008;42.1;19.1;195;4000;MALE;905.736;-2.581.513;
PAL0809;81;Adelie Penguin (Pygoscelis adeliae);Anvers;Torgersen;Adult, 1 Egg Stage;N39A1;Yes;11/02/2008;34.6;17.2;189;3200;FEMALE;769.778;-265.387;
PAL0809;82;Adelie Penguin (Pygoscelis adeliae);Anvers;Torgersen;Adult, 1 Egg Stage;N39A2;Yes;11/02/2008;42.9;17.6;196;4700;MALE;863.259;-2.623.027;
PAL0809;83;Adelie Penguin (Pygoscelis adeliae);Anvers;Torgersen;Adult, 1 Egg Stage;N40A1;Yes;11/07/2008;36.7;18.8;187;3800;FEMALE;788.494;-2.624.837;
PAL0809;84;Adelie Penguin (Pygoscelis adeliae);Anvers;Torgersen;Adult, 1 Egg Stage;N40A2;Yes;11/07/2008;35.1;19.4;193;4200;MALE;890.002;-2.646.254;
PAL0809;85;Adelie Penguin (Pygoscelis adeliae);Anvers;Dream;Adult, 1 Egg Stage;N41A1;Yes;11/17/08;37.3;17.8;191;3350;FEMALE;832.718;-2.638.396;
PAL0809;86;Adelie Penguin (Pygoscelis adeliae);Anvers;Dream;Adult, 1 Egg Stage;N41A2;Yes;11/17/08;41.3;20.3;194;3550;MALE;914.863;-2.609.635;
PAL0809;87;Adelie Penguin (Pygoscelis adeliae);Anvers;Dream;Adult, 1 Egg Stage;N42A1;Yes;11/08/2008;36.3;19.5;190;3800;MALE;857.087;-2.622.227;
PAL0809;88;Adelie Penguin (Pygoscelis adeliae);Anvers;Dream;Adult, 1 Egg Stage;N42A2;Yes;11/08/2008;36.9;18.6;189;3500;FEMALE;859.147;-2.608.165;
PAL0809;89;Adelie Penguin (Pygoscelis adeliae);Anvers;Dream;Adult, 1 Egg Stage;N44A1;Yes;11/08/2008;38.3;19.2;189;3950;MALE;907.826;-2.612.417;
PAL0809;90;Adelie Penguin (Pygoscelis adeliae);Anvers;Dream;Adult, 1 Egg Stage;N44A2;Yes;11/08/2008;38.9;18.8;190;3600;FEMALE;836.936;-2.611.199;
PAL0809;91;Adelie Penguin (Pygoscelis adeliae);Anvers;Dream;Adult, 1 Egg Stage;N45A1;Yes;11/14/08;35.7;18;202;3550;FEMALE;846.531;-2.605.621;
PAL0809;92;Adelie Penguin (Pygoscelis adeliae);Anvers;Dream;Adult, 1 Egg Stage;N45A2;Yes;11/14/08;41.1;18.1;205;4300;MALE;877.018;-2.583.352;
PAL0809;93;Adelie Penguin (Pygoscelis adeliae);Anvers;Dream;Adult, 1 Egg Stage;N46A1;Yes;11/05/2008;34;17.1;185;3400;FEMALE;801.485;-2.669.543;
PAL0809;94;Adelie Penguin (Pygoscelis adeliae);Anvers;Dream;Adult, 1 Egg Stage;N46A2;Yes;11/05/2008;39.6;18.1;186;4450;MALE;849.915;-2.642.406;
PAL0809;95;Adelie Penguin (Pygoscelis adeliae);Anvers;Dream;Adult, 1 Egg Stage;N48A1;Yes;11/17/08;36.2;17.3;187;3300;FEMALE;890.723;-2.630.037;
PAL0809;96;Adelie Penguin (Pygoscelis adeliae);Anvers;Dream;Adult, 1 Egg Stage;N48A2;Yes;11/17/08;40.8;18.9;208;4300;MALE;848.204;-2.657.941;
PAL0809;97;Adelie Penguin (Pygoscelis adeliae);Anvers;Dream;Adult, 1 Egg Stage;N49A1;Yes;11/08/2008;38.1;18.6;190;3700;FEMALE;810.277;-2.650.086;
PAL0809;98;Adelie Penguin (Pygoscelis adeliae);Anvers;Dream;Adult, 1 Egg Stage;N49A2;Yes;11/08/2008;40.3;18.5;196;4350;MALE;839.459;-2.601.152;
PAL0809;99;Adelie Penguin (Pygoscelis adeliae);Anvers;Dream;Adult, 1 Egg Stage;N50A1;Yes;11/10/2008;33.1;16.1;178;2900;FEMALE;904.218;-2.615.775;
PAL0809;100;Adelie Penguin (Pygoscelis adeliae);Anvers;Dream;Adult, 1 Egg Stage;N50A2;Yes;11/10/2008;43.2;18.5;192;4100;MALE;897.025;-2.603.679;
PAL0910;101;Adelie Penguin (Pygoscelis adeliae);Anvers;Biscoe;Adult, 1 Egg Stage;N47A1;Yes;11/09/2009;35;17.9;192;3725;FEMALE;884.451;-2.628.055;
PAL0910;102;Adelie Penguin (Pygoscelis adeliae);Anvers;Biscoe;Adult, 1 Egg Stage;N47A2;Yes;11/09/2009;41;20;203;4725;MALE;901.079;-2.638.085;
PAL0910;103;Adelie Penguin (Pygoscelis adeliae);Anvers;Biscoe;Adult, 1 Egg Stage;N49A1;Yes;11/15/09;37.7;16;183;3075;FEMALE;92.151;-262.253;
PAL0910;104;Adelie Penguin (Pygoscelis adeliae);Anvers;Biscoe;Adult, 1 Egg Stage;N49A2;Yes;11/15/09;37.8;20;190;4250;MALE;951.929;-2.569.199;
PAL0910;105;Adelie Penguin (Pygoscelis adeliae);Anvers;Biscoe;Adult, 1 Egg Stage;N51A1;Yes;11/15/09;37.9;18.6;193;2925;FEMALE;902.642;-2.586.482;
PAL0910;106;Adelie Penguin (Pygoscelis adeliae);Anvers;Biscoe;Adult, 1 Egg Stage;N51A2;Yes;11/15/09;39.7;18.9;184;3550;MALE;885.699;-2.580.208;
PAL0910;107;Adelie Penguin (Pygoscelis adeliae);Anvers;Biscoe;Adult, 1 Egg Stage;N53A1;Yes;11/15/09;38.6;17.2;199;3750;FEMALE;877.322;-2.648.973;
PAL0910;108;Adelie Penguin (Pygoscelis adeliae);Anvers;Biscoe;Adult, 1 Egg Stage;N53A2;Yes;11/15/09;38.2;20;190;3900;MALE;959.245;-2.570.711;
PAL0910;109;Adelie Penguin (Pygoscelis adeliae);Anvers;Biscoe;Adult, 1 Egg Stage;N55A1;Yes;11/20/09;38.1;17;181;3175;FEMALE;979.532;-2.527.385;
PAL0910;110;Adelie Penguin (Pygoscelis adeliae);Anvers;Biscoe;Adult, 1 Egg Stage;N55A2;Yes;11/20/09;43.2;19;197;4775;MALE;931.735;-2.545.171;
PAL0910;111;Adelie Penguin (Pygoscelis adeliae);Anvers;Biscoe;Adult, 1 Egg Stage;N58A1;Yes;11/12/2009;38.1;16.5;198;3825;FEMALE;843.951;-2.657.563;
PAL0910;112;Adelie Penguin (Pygoscelis adeliae);Anvers;Biscoe;Adult, 1 Egg Stage;N58A2;Yes;11/12/2009;45.6;20.3;191;4600;MALE;865.466;-2.632.909;
PAL0910;113;Adelie Penguin (Pygoscelis adeliae);Anvers;Biscoe;Adult, 1 Egg Stage;N60A1;Yes;11/15/09;39.7;17.7;193;3200;FEMALE;902.657;-2.606.203;
PAL0910;114;Adelie Penguin (Pygoscelis adeliae);Anvers;Biscoe;Adult, 1 Egg Stage;N60A2;Yes;11/15/09;42.2;19.5;197;4275;MALE;880.186;-2.641.218;
PAL0910;115;Adelie Penguin (Pygoscelis adeliae);Anvers;Biscoe;Adult, 1 Egg Stage;N61A1;Yes;11/17/09;39.6;20.7;191;3900;FEMALE;880.967;-2.678.958;
PAL0910;116;Adelie Penguin (Pygoscelis adeliae);Anvers;Biscoe;Adult, 1 Egg Stage;N61A2;Yes;11/17/09;42.7;18.3;196;4075;MALE;891.434;-2.642.018;
PAL0910;117;Adelie Penguin (Pygoscelis adeliae);Anvers;Torgersen;Adult, 1 Egg Stage;N63A1;Yes;11/18/09;38.6;17;188;2900;FEMALE;918.021;-2.577.264;
PAL0910;118;Adelie Penguin (Pygoscelis adeliae);Anvers;Torgersen;Adult, 1 Egg Stage;N63A2;Yes;11/18/09;37.3;20.5;199;3775;MALE;949.645;-2.636.678;
PAL0910;119;Adelie Penguin (Pygoscelis adeliae);Anvers;Torgersen;Adult, 1 Egg Stage;N64A1;Yes;11/22/09;35.7;17;189;3350;FEMALE;896.436;-2.390.309;
PAL0910;120;Adelie Penguin (Pygoscelis adeliae);Anvers;Torgersen;Adult, 1 Egg Stage;N64A2;Yes;11/22/09;41.1;18.6;189;3325;MALE;932.277;-2.609.989;
PAL0910;121;Adelie Penguin (Pygoscelis adeliae);Anvers;Torgersen;Adult, 1 Egg Stage;N66A1;No;11/17/09;36.2;17.2;187;3150;FEMALE;904.296;-2.619.444;Nest never observed with full clutch.
PAL0910;122;Adelie Penguin (Pygoscelis adeliae);Anvers;Torgersen;Adult, 1 Egg Stage;N66A2;No;11/17/09;37.7;19.8;198;3500;MALE;911.066;-2.642.563;Nest never observed with full clutch.
PAL0910;123;Adelie Penguin (Pygoscelis adeliae);Anvers;Torgersen;Adult, 1 Egg Stage;N67A1;Yes;11/16/09;40.2;17;176;3450;FEMALE;930.722;-2.561.039;
PAL0910;124;Adelie Penguin (Pygoscelis adeliae);Anvers;Torgersen;Adult, 1 Egg Stage;N67A2;Yes;11/16/09;41.4;18.5;202;3875;MALE;959.462;-2.542.621;
PAL0910;125;Adelie Penguin (Pygoscelis adeliae);Anvers;Torgersen;Adult, 1 Egg Stage;N69A1;Yes;11/18/09;35.2;15.9;186;3050;FEMALE;881.668;-2.595.399;
PAL0910;126;Adelie Penguin (Pygoscelis adeliae);Anvers;Torgersen;Adult, 1 Egg Stage;N69A2;Yes;11/18/09;40.6;19;199;4000;MALE;922.537;-2.560.826;
PAL0910;127;Adelie Penguin (Pygoscelis adeliae);Anvers;Torgersen;Adult, 1 Egg Stage;N71A1;Yes;11/21/09;38.8;17.6;191;3275;FEMALE;888.098;-2.589.741;
PAL0910;128;Adelie Penguin (Pygoscelis adeliae);Anvers;Torgersen;Adult, 1 Egg Stage;N71A2;Yes;11/21/09;41.5;18.3;195;4300;MALE;852.566;-260.245;
PAL0910;129;Adelie Penguin (Pygoscelis adeliae);Anvers;Torgersen;Adult, 1 Egg Stage;N72A1;Yes;11/18/09;39;17.1;191;3050;FEMALE;919.031;-2.573.722;
PAL0910;130;Adelie Penguin (Pygoscelis adeliae);Anvers;Torgersen;Adult, 1 Egg Stage;N72A2;Yes;11/18/09;44.1;18;210;4000;MALE;910.702;-2.601.363;
PAL0910;131;Adelie Penguin (Pygoscelis adeliae);Anvers;Torgersen;Adult, 1 Egg Stage;N73A1;No;11/23/09;38.5;17.9;190;3325;FEMALE;89.846;-2.557.956;Nest never observed with full clutch.
PAL0910;132;Adelie Penguin (Pygoscelis adeliae);Anvers;Torgersen;Adult, 1 Egg Stage;N73A2;No;11/23/09;43.1;19.2;197;3500;MALE;886.495;-261.396;Nest never observed with full clutch.
PAL0910;133;Adelie Penguin (Pygoscelis adeliae);Anvers;Dream;Adult, 1 Egg Stage;N76A1;Yes;11/10/2009;36.8;18.5;193;3500;FEMALE;898.705;-2.557.647;
PAL0910;134;Adelie Penguin (Pygoscelis adeliae);Anvers;Dream;Adult, 1 Egg Stage;N76A2;Yes;11/10/2009;37.5;18.5;199;4475;MALE;856.708;-2.649.288;
PAL0910;135;Adelie Penguin (Pygoscelis adeliae);Anvers;Dream;Adult, 1 Egg Stage;N77A1;Yes;11/13/09;38.1;17.6;187;3425;FEMALE;8.717;-2.577.951;
PAL0910;136;Adelie Penguin (Pygoscelis adeliae);Anvers;Dream;Adult, 1 Egg Stage;N77A2;Yes;11/13/09;41.1;17.5;190;3900;MALE;894.365;-2.606.943;
PAL0910;137;Adelie Penguin (Pygoscelis adeliae);Anvers;Dream;Adult, 1 Egg Stage;N78A1;Yes;11/16/09;35.6;17.5;191;3175;FEMALE;875.984;-2.597.696;
PAL0910;138;Adelie Penguin (Pygoscelis adeliae);Anvers;Dream;Adult, 1 Egg Stage;N78A2;Yes;11/16/09;40.2;20.1;200;3975;MALE;895.998;-2.632.601;
PAL0910;139;Adelie Penguin (Pygoscelis adeliae);Anvers;Dream;Adult, 1 Egg Stage;N79A1;No;11/16/09;37;16.5;185;3400;FEMALE;861.651;-2.607.021;Nest never observed with full clutch.
PAL0910;140;Adelie Penguin (Pygoscelis adeliae);Anvers;Dream;Adult, 1 Egg Stage;N79A2;No;11/16/09;39.7;17.9;193;4250;MALE;925.769;-2.588.798;Nest never observed with full clutch.
PAL0910;141;Adelie Penguin (Pygoscelis adeliae);Anvers;Dream;Adult, 1 Egg Stage;N80A1;Yes;11/14/09;40.2;17.1;193;3400;FEMALE;92.881;-2.554.976;
PAL0910;142;Adelie Penguin (Pygoscelis adeliae);Anvers;Dream;Adult, 1 Egg Stage;N80A2;Yes;11/14/09;40.6;17.2;187;3475;MALE;923.408;-2.601.549;
PAL0910;143;Adelie Penguin (Pygoscelis adeliae);Anvers;Dream;Adult, 1 Egg Stage;N81A1;Yes;11/16/09;32.1;15.5;188;3050;FEMALE;879.787;-2.661.075;
PAL0910;144;Adelie Penguin (Pygoscelis adeliae);Anvers;Dream;Adult, 1 Egg Stage;N81A2;Yes;11/16/09;40.7;17;190;3725;MALE;905.674;-2.579.529;
PAL0910;145;Adelie Penguin (Pygoscelis adeliae);Anvers;Dream;Adult, 1 Egg Stage;N82A1;Yes;11/16/09;37.3;16.8;192;3000;FEMALE;906.829;-2.585.203;
PAL0910;146;Adelie Penguin (Pygoscelis adeliae);Anvers;Dream;Adult, 1 Egg Stage;N82A2;Yes;11/16/09;39;18.7;185;3650;MALE;922.033;-2.603.442;
PAL0910;147;Adelie Penguin (Pygoscelis adeliae);Anvers;Dream;Adult, 1 Egg Stage;N83A1;Yes;11/13/09;39.2;18.6;190;4250;MALE;911.006;-2.579.549;
PAL0910;148;Adelie Penguin (Pygoscelis adeliae);Anvers;Dream;Adult, 1 Egg Stage;N83A2;Yes;11/13/09;36.6;18.4;184;3475;FEMALE;868.744;-258.306;
PAL0910;149;Adelie Penguin (Pygoscelis adeliae);Anvers;Dream;Adult, 1 Egg Stage;N84A1;Yes;11/17/09;36;17.8;195;3450;FEMALE;894.332;-2.579.189;
PAL0910;150;Adelie Penguin (Pygoscelis adeliae);Anvers;Dream;Adult, 1 Egg Stage;N84A2;Yes;11/17/09;37.8;18.1;193;3750;MALE;897.533;-2.603.495;
PAL0910;151;Adelie Penguin (Pygoscelis adeliae);Anvers;Dream;Adult, 1 Egg Stage;N85A1;Yes;11/17/09;36;17.1;187;3700;FEMALE;893.465;-2.607.081;
PAL0910;152;Adelie Penguin (Pygoscelis adeliae);Anvers;Dream;Adult, 1 Egg Stage;N85A2;Yes;11/17/09;41.5;18.5;201;4000;MALE;88.964;-2.606.967;
PAL0708;1;Chinstrap penguin (Pygoscelis antarctica);Anvers;Dream;Adult, 1 Egg Stage;N61A1;No;11/19/07;46.5;17.9;192;3500;FEMALE;903.935;-2.430.229;
PAL0708;2;Chinstrap penguin (Pygoscelis antarctica);Anvers;Dream;Adult, 1 Egg Stage;N61A2;No;11/19/07;50;19.5;196;3900;MALE;892.069;-2.423.592;
PAL0708;3;Chinstrap penguin (Pygoscelis antarctica);Anvers;Dream;Adult, 1 Egg Stage;N62A1;Yes;11/26/07;51.3;19.2;193;3650;MALE;929.078;-247.557;
PAL0708;4;Chinstrap penguin (Pygoscelis antarctica);Anvers;Dream;Adult, 1 Egg Stage;N62A2;Yes;11/26/07;45.4;18.7;188;3525;FEMALE;864.701;-2.462.717;
PAL0708;5;Chinstrap penguin (Pygoscelis antarctica);Anvers;Dream;Adult, 1 Egg Stage;N64A1;Yes;11/21/07;52.7;19.8;197;3725;MALE;900.642;-2.461.867;
PAL0708;6;Chinstrap penguin (Pygoscelis antarctica);Anvers;Dream;Adult, 1 Egg Stage;N64A2;Yes;11/21/07;45.2;17.8;198;3950;FEMALE;888.942;-2.449.433;
PAL0708;7;Chinstrap penguin (Pygoscelis antarctica);Anvers;Dream;Adult, 1 Egg Stage;N66A1;Yes;11/28/07;46.1;18.2;178;3250;FEMALE;885.664;-2.455.644;
PAL0708;8;Chinstrap penguin (Pygoscelis antarctica);Anvers;Dream;Adult, 1 Egg Stage;N66A2;Yes;11/28/07;51.3;18.2;197;3750;MALE;863.701;-2.484.059;
PAL0708;9;Chinstrap penguin (Pygoscelis antarctica);Anvers;Dream;Adult, 1 Egg Stage;N67A1;Yes;11/21/07;46;18.9;195;4150;FEMALE;847.173;-2.429.229;
PAL0708;10;Chinstrap penguin (Pygoscelis antarctica);Anvers;Dream;Adult, 1 Egg Stage;N67A2;Yes;11/21/07;51.3;19.9;198;3700;MALE;879.581;-2.436.088;
PAL0708;11;Chinstrap penguin (Pygoscelis antarctica);Anvers;Dream;Adult, 1 Egg Stage;N68A1;Yes;11/28/07;46.6;17.8;193;3800;FEMALE;895.063;-2.459.897;
PAL0708;12;Chinstrap penguin (Pygoscelis antarctica);Anvers;Dream;Adult, 1 Egg Stage;N68A2;Yes;11/28/07;51.7;20.3;194;3775;MALE;868.747;-2.438.751;
PAL0708;13;Chinstrap penguin (Pygoscelis antarctica);Anvers;Dream;Adult, 1 Egg Stage;N69A1;Yes;11/26/07;47;17.3;185;3700;FEMALE;872.037;-2.480.526;
PAL0708;14;Chinstrap penguin (Pygoscelis antarctica);Anvers;Dream;Adult, 1 Egg Stage;N69A2;Yes;11/26/07;52;18.1;201;4050;MALE;90.233;-2.438.933;
PAL0708;15;Chinstrap penguin (Pygoscelis antarctica);Anvers;Dream;Adult, 1 Egg Stage;N70A1;Yes;11/22/07;45.9;17.1;190;3575;FEMALE;912.277;-2.490.024;
PAL0708;16;Chinstrap penguin (Pygoscelis antarctica);Anvers;Dream;Adult, 1 Egg Stage;N70A2;Yes;11/22/07;50.5;19.6;201;4050;MALE;98.059;-247.294;
PAL0708;17;Chinstrap penguin (Pygoscelis antarctica);Anvers;Dream;Adult, 1 Egg Stage;N71A1;No;11/30/07;50.3;20;197;3300;MALE;1.002.019;-2.454.704;
PAL0708;18;Chinstrap penguin (Pygoscelis antarctica);Anvers;Dream;Adult, 1 Egg Stage;N71A2;No;11/30/07;58;17.8;181;3700;FEMALE;914.382;-2.457.994;
PAL0708;19;Chinstrap penguin (Pygoscelis antarctica);Anvers;Dream;Adult, 1 Egg Stage;N72A1;Yes;11/30/07;46.4;18.6;190;3450;FEMALE;932.105;-2.464.162;
PAL0708;20;Chinstrap penguin (Pygoscelis antarctica);Anvers;Dream;Adult, 1 Egg Stage;N72A2;Yes;11/30/07;49.2;18.2;195;4400;MALE;927.158;-2.464.335;
PAL0708;21;Chinstrap penguin (Pygoscelis antarctica);Anvers;Dream;Adult, 1 Egg Stage;N73A1;Yes;12/03/2007;42.4;17.3;181;3600;FEMALE;935.138;-246.879;
PAL0708;22;Chinstrap penguin (Pygoscelis antarctica);Anvers;Dream;Adult, 1 Egg Stage;N73A2;Yes;12/03/2007;48.5;17.5;191;3400;MALE;942.666;-2.426.375;
PAL0708;23;Chinstrap penguin (Pygoscelis antarctica);Anvers;Dream;Adult, 1 Egg Stage;N85A1;No;11/28/07;43.2;16.6;187;2900;FEMALE;935.416;-2.501.185;
PAL0708;24;Chinstrap penguin (Pygoscelis antarctica);Anvers;Dream;Adult, 1 Egg Stage;N85A2;No;11/28/07;50.6;19.4;193;3800;MALE;928.153;-2.497.134;
PAL0708;25;Chinstrap penguin (Pygoscelis antarctica);Anvers;Dream;Adult, 1 Egg Stage;N89A1;No;11/28/07;46.7;17.9;195;3300;FEMALE;974.144;-2.459.467;
PAL0708;26;Chinstrap penguin (Pygoscelis antarctica);Anvers;Dream;Adult, 1 Egg Stage;N89A2;No;11/28/07;52;19;197;4150;MALE;936.799;-2.447.142;
PAL0809;27;Chinstrap penguin (Pygoscelis antarctica);Anvers;Dream;Adult, 1 Egg Stage;N61A1;No;11/25/08;50.5;18.4;200;3400;FEMALE;89.399;-2.389.017;
PAL0809;28;Chinstrap penguin (Pygoscelis antarctica);Anvers;Dream;Adult, 1 Egg Stage;N61A2;No;11/25/08;49.5;19;200;3800;MALE;963.074;-2.434.684;
PAL0809;29;Chinstrap penguin (Pygoscelis antarctica);Anvers;Dream;Adult, 1 Egg Stage;N62A1;Yes;11/14/08;46.4;17.8;191;3700;FEMALE;937.369;-2.452.896;
PAL0809;30;Chinstrap penguin (Pygoscelis antarctica);Anvers;Dream;Adult, 1 Egg Stage;N62A2;Yes;11/14/08;52.8;20;205;4550;MALE;925.177;-2.469.638;
PAL0809;31;Chinstrap penguin (Pygoscelis antarctica);Anvers;Dream;Adult, 1 Egg Stage;N63A1;Yes;11/24/08;40.9;16.6;187;3200;FEMALE;908.458;-2.454.903;
PAL0809;32;Chinstrap penguin (Pygoscelis antarctica);Anvers;Dream;Adult, 1 Egg Stage;N63A2;Yes;11/24/08;54.2;20.8;201;4300;MALE;949.283;-2.459.996;
PAL0809;33;Chinstrap penguin (Pygoscelis antarctica);Anvers;Dream;Adult, 1 Egg Stage;N65A1;Yes;11/24/08;42.5;16.7;187;3350;FEMALE;936.668;-2.445.195;
PAL0809;34;Chinstrap penguin (Pygoscelis antarctica);Anvers;Dream;Adult, 1 Egg Stage;N65A2;Yes;11/24/08;51;18.8;203;4100;MALE;923.196;-2.417.282;
PAL0809;35;Chinstrap penguin (Pygoscelis antarctica);Anvers;Dream;Adult, 1 Egg Stage;N67A1;Yes;11/25/08;49.7;18.6;195;3600;MALE;975.486;-2.431.198;
PAL0809;36;Chinstrap penguin (Pygoscelis antarctica);Anvers;Dream;Adult, 1 Egg Stage;N67A2;Yes;11/25/08;47.5;16.8;199;3900;FEMALE;907.825;-251.455;
PAL0809;37;Chinstrap penguin (Pygoscelis antarctica);Anvers;Dream;Adult, 1 Egg Stage;N69A1;Yes;11/14/08;47.6;18.3;195;3850;FEMALE;883.502;-2.465.859;
PAL0809;38;Chinstrap penguin (Pygoscelis antarctica);Anvers;Dream;Adult, 1 Egg Stage;N69A2;Yes;11/14/08;52;20.7;210;4800;MALE;943.146;-246.844;
PAL0809;39;Chinstrap penguin (Pygoscelis antarctica);Anvers;Dream;Adult, 1 Egg Stage;N72A1;No;11/24/08;46.9;16.6;192;2700;FEMALE;980.589;-2.473.735;
PAL0809;40;Chinstrap penguin (Pygoscelis antarctica);Anvers;Dream;Adult, 1 Egg Stage;N72A2;No;11/24/08;53.5;19.9;205;4500;MALE;1.002.544;-2.490.816;
PAL0809;41;Chinstrap penguin (Pygoscelis antarctica);Anvers;Dream;Adult, 1 Egg Stage;N74A1;Yes;11/24/08;49;19.5;210;3950;MALE;953.262;-2.466.867;
PAL0809;42;Chinstrap penguin (Pygoscelis antarctica);Anvers;Dream;Adult, 1 Egg Stage;N74A2;Yes;11/24/08;46.2;17.5;187;3650;FEMALE;961.734;-2.466.188;
PAL0809;43;Chinstrap penguin (Pygoscelis antarctica);Anvers;Dream;Adult, 1 Egg Stage;N75A1;Yes;11/14/08;50.9;19.1;196;3550;MALE;1.002.372;-2.486.594;
PAL0809;44;Chinstrap penguin (Pygoscelis antarctica);Anvers;Dream;Adult, 1 Egg Stage;N75A2;Yes;11/14/08;45.5;17;196;3500;FEMALE;936.493;-2.466.259;
PAL0910;45;Chinstrap penguin (Pygoscelis antarctica);Anvers;Dream;Adult, 1 Egg Stage;N86A1;Yes;11/17/09;50.9;17.9;196;3675;FEMALE;943.684;-2.416.566;
PAL0910;46;Chinstrap penguin (Pygoscelis antarctica);Anvers;Dream;Adult, 1 Egg Stage;N86A2;Yes;11/17/09;50.8;18.5;201;4450;MALE;945.827;-2.435.575;
PAL0910;47;Chinstrap penguin (Pygoscelis antarctica);Anvers;Dream;Adult, 1 Egg Stage;N87A1;Yes;11/27/09;50.1;17.9;190;3400;FEMALE;946.819;-2.445.721;
PAL0910;48;Chinstrap penguin (Pygoscelis antarctica);Anvers;Dream;Adult, 1 Egg Stage;N87A2;Yes;11/27/09;49;19.6;212;4300;MALE;934.089;-2.445.189;
PAL0910;49;Chinstrap penguin (Pygoscelis antarctica);Anvers;Dream;Adult, 1 Egg Stage;N88A1;Yes;11/23/09;51.5;18.7;187;3250;MALE;96.895;-2.443.062;
PAL0910;50;Chinstrap penguin (Pygoscelis antarctica);Anvers;Dream;Adult, 1 Egg Stage;N88A2;Yes;11/23/09;49.8;17.3;198;3675;FEMALE;932.169;-2.441.562;
PAL0910;51;Chinstrap penguin (Pygoscelis antarctica);Anvers;Dream;Adult, 1 Egg Stage;N90A1;Yes;11/21/09;48.1;16.4;199;3325;FEMALE;946.929;-2.448.403;
PAL0910;52;Chinstrap penguin (Pygoscelis antarctica);Anvers;Dream;Adult, 1 Egg Stage;N90A2;Yes;11/21/09;51.4;19;201;3950;MALE;943.782;-2.436.202;
PAL0910;53;Chinstrap penguin (Pygoscelis antarctica);Anvers;Dream;Adult, 1 Egg Stage;N92A1;Yes;11/23/09;45.7;17.3;193;3600;FEMALE;9.415;-24.805;
PAL0910;54;Chinstrap penguin (Pygoscelis antarctica);Anvers;Dream;Adult, 1 Egg Stage;N92A2;Yes;11/23/09;50.7;19.7;203;4050;MALE;993.727;-2.459.066;
PAL0910;55;Chinstrap penguin (Pygoscelis antarctica);Anvers;Dream;Adult, 1 Egg Stage;N93A1;Yes;11/27/09;42.5;17.3;187;3350;FEMALE;956.534;-2.460.882;
PAL0910;56;Chinstrap penguin (Pygoscelis antarctica);Anvers;Dream;Adult, 1 Egg Stage;N93A2;Yes;11/27/09;52.2;18.8;197;3450;MALE;977.528;-2.456.481;
PAL0910;57;Chinstrap penguin (Pygoscelis antarctica);Anvers;Dream;Adult, 1 Egg Stage;N94A1;Yes;11/21/09;45.2;16.6;191;3250;FEMALE;962.357;-2.478.984;
PAL0910;58;Chinstrap penguin (Pygoscelis antarctica);Anvers;Dream;Adult, 1 Egg Stage;N94A2;Yes;11/21/09;49.3;19.9;203;4050;MALE;988.809;-2.459.513;
PAL0910;59;Chinstrap penguin (Pygoscelis antarctica);Anvers;Dream;Adult, 1 Egg Stage;N95A1;Yes;11/21/09;50.2;18.8;202;3800;MALE;974.492;-24.404;
PAL0910;60;Chinstrap penguin (Pygoscelis antarctica);Anvers;Dream;Adult, 1 Egg Stage;N95A2;Yes;11/21/09;45.6;19.4;194;3525;FEMALE;946.985;-2.465.786;
PAL0910;61;Chinstrap penguin (Pygoscelis antarctica);Anvers;Dream;Adult, 1 Egg Stage;N96A1;Yes;11/27/09;51.9;19.5;206;3950;MALE;;-2.378.767;
PAL0910;62;Chinstrap penguin (Pygoscelis antarctica);Anvers;Dream;Adult, 1 Egg Stage;N96A2;Yes;11/27/09;46.8;16.5;189;3650;FEMALE;965.061;-2.448.153;
PAL0910;63;Chinstrap penguin (Pygoscelis antarctica);Anvers;Dream;Adult, 1 Egg Stage;N98A1;Yes;11/19/09;45.7;17;195;3650;FEMALE;926.715;-2.431.912;
PAL0910;64;Chinstrap penguin (Pygoscelis antarctica);Anvers;Dream;Adult, 1 Egg Stage;N98A2;Yes;11/19/09;55.8;19.8;207;4000;MALE;970.465;-2.453.494;
PAL0910;65;Chinstrap penguin (Pygoscelis antarctica);Anvers;Dream;Adult, 1 Egg Stage;N99A1;No;11/21/09;43.5;18.1;202;3400;FEMALE;937.608;-2.440.753;
PAL0910;66;Chinstrap penguin (Pygoscelis antarctica);Anvers;Dream;Adult, 1 Egg Stage;N99A2;No;11/21/09;49.6;18.2;193;3775;MALE;94.618;-2.470.615;
PAL0910;67;Chinstrap penguin (Pygoscelis antarctica);Anvers;Dream;Adult, 1 Egg Stage;N100A1;Yes;11/21/09;50.8;19;210;4100;MALE;998.044;-2.468.741;
PAL0910;68;Chinstrap penguin (Pygoscelis antarctica);Anvers;Dream;Adult, 1 Egg Stage;N100A2;Yes;11/21/09;50.2;18.7;198;3775;FEMALE;939.305;-2.425.255;
PAL0708;1;Gentoo penguin (Pygoscelis papua);Anvers;Biscoe;Adult, 1 Egg Stage;N31A1;Yes;11/27/07;46.1;13.2;211;4500;FEMALE;7.993;-255.139;
PAL0708;2;Gentoo penguin (Pygoscelis papua);Anvers;Biscoe;Adult, 1 Egg Stage;N31A2;Yes;11/27/07;50;16.3;230;5700;MALE;814.756;-2.539.369;
PAL0708;3;Gentoo penguin (Pygoscelis papua);Anvers;Biscoe;Adult, 1 Egg Stage;N32A1;Yes;11/27/07;48.7;14.1;210;4450;FEMALE;814.705;-2.546.172;
PAL0708;4;Gentoo penguin (Pygoscelis papua);Anvers;Biscoe;Adult, 1 Egg Stage;N32A2;Yes;11/27/07;50;15.2;218;5700;MALE;82.554;-2.540.075;
PAL0708;5;Gentoo penguin (Pygoscelis papua);Anvers;Biscoe;Adult, 1 Egg Stage;N33A1;Yes;11/18/07;47.6;14.5;215;5400;MALE;82.345;-2.554.456;
PAL0708;6;Gentoo penguin (Pygoscelis papua);Anvers;Biscoe;Adult, 1 Egg Stage;N33A2;Yes;11/18/07;46.5;13.5;210;4550;FEMALE;79.953;-2.532.829;
PAL0708;7;Gentoo penguin (Pygoscelis papua);Anvers;Biscoe;Adult, 1 Egg Stage;N34A1;Yes;11/27/07;45.4;14.6;211;4800;FEMALE;824.515;-2.546.782;
PAL0708;8;Gentoo penguin (Pygoscelis papua);Anvers;Biscoe;Adult, 1 Egg Stage;N34A2;Yes;11/27/07;46.7;15.3;219;5200;MALE;822.673;-254.276;
PAL0708;9;Gentoo penguin (Pygoscelis papua);Anvers;Biscoe;Adult, 1 Egg Stage;N35A1;Yes;11/27/07;43.3;13.4;209;4400;FEMALE;813.643;-2.532.176;
PAL0708;10;Gentoo penguin (Pygoscelis papua);Anvers;Biscoe;Adult, 1 Egg Stage;N35A2;Yes;11/27/07;46.8;15.4;215;5150;MALE;81.631;-2.538.017;
PAL0708;11;Gentoo penguin (Pygoscelis papua);Anvers;Biscoe;Adult, 1 Egg Stage;N36A1;No;11/27/07;40.9;13.7;214;4650;FEMALE;819.579;-253.933;
PAL0708;12;Gentoo penguin (Pygoscelis papua);Anvers;Biscoe;Adult, 1 Egg Stage;N36A2;No;11/27/07;49;16.1;216;5550;MALE;810.417;-2.550.562;
PAL0708;13;Gentoo penguin (Pygoscelis papua);Anvers;Biscoe;Adult, 1 Egg Stage;N37A1;Yes;11/29/07;45.5;13.7;214;4650;FEMALE;777.672;-254.168;
PAL0708;14;Gentoo penguin (Pygoscelis papua);Anvers;Biscoe;Adult, 1 Egg Stage;N37A2;Yes;11/29/07;48.4;14.6;213;5850;MALE;78.208;-2.548.025;
PAL0708;15;Gentoo penguin (Pygoscelis papua);Anvers;Biscoe;Adult, 1 Egg Stage;N38A1;Yes;12/03/2007;45.8;14.6;210;4200;FEMALE;779.958;-2.562.618;
PAL0708;16;Gentoo penguin (Pygoscelis papua);Anvers;Biscoe;Adult, 1 Egg Stage;N38A2;Yes;12/03/2007;49.3;15.7;217;5850;MALE;807.137;-2.552.473;
PAL0708;17;Gentoo penguin (Pygoscelis papua);Anvers;Biscoe;Adult, 1 Egg Stage;N39A1;Yes;11/27/07;42;13.5;210;4150;FEMALE;763.884;-2.552.627;
PAL0708;18;Gentoo penguin (Pygoscelis papua);Anvers;Biscoe;Adult, 1 Egg Stage;N39A2;Yes;11/27/07;49.2;15.2;221;6300;MALE;827.376;-2.500.169;
PAL0708;19;Gentoo penguin (Pygoscelis papua);Anvers;Biscoe;Adult, 1 Egg Stage;N40A1;Yes;11/27/07;46.2;14.5;209;4800;FEMALE;784.057;-2.537.899;
PAL0708;20;Gentoo penguin (Pygoscelis papua);Anvers;Biscoe;Adult, 1 Egg Stage;N40A2;Yes;11/27/07;48.7;15.1;222;5350;MALE;796.491;-2.539.587;
PAL0708;21;Gentoo penguin (Pygoscelis papua);Anvers;Biscoe;Adult, 1 Egg Stage;N41A1;Yes;11/27/07;50.2;14.3;218;5700;MALE;78.962;-2.537.746;
PAL0708;22;Gentoo penguin (Pygoscelis papua);Anvers;Biscoe;Adult, 1 Egg Stage;N41A2;Yes;11/27/07;45.1;14.5;215;5000;FEMALE;76.322;-2.546.569;
PAL0708;23;Gentoo penguin (Pygoscelis papua);Anvers;Biscoe;Adult, 1 Egg Stage;N42A1;Yes;11/27/07;46.5;14.5;213;4400;FEMALE;790.436;-253.947;
PAL0708;24;Gentoo penguin (Pygoscelis papua);Anvers;Biscoe;Adult, 1 Egg Stage;N42A2;Yes;11/27/07;46.3;15.8;215;5050;MALE;790.971;-2.538.157;
PAL0708;25;Gentoo penguin (Pygoscelis papua);Anvers;Biscoe;Adult, 1 Egg Stage;N44A1;Yes;11/29/07;42.9;13.1;215;5000;FEMALE;768.528;-2.539.181;
PAL0708;26;Gentoo penguin (Pygoscelis papua);Anvers;Biscoe;Adult, 1 Egg Stage;N44A2;Yes;11/29/07;46.1;15.1;215;5100;MALE;783.733;-2.542.826;
PAL0708;27;Gentoo penguin (Pygoscelis papua);Anvers;Biscoe;Adult, 1 Egg Stage;N46A1;Yes;11/29/07;44.5;14.3;216;4100;;796.621;-2.569.327;
PAL0708;28;Gentoo penguin (Pygoscelis papua);Anvers;Biscoe;Adult, 1 Egg Stage;N46A2;Yes;11/29/07;47.8;15;215;5650;MALE;792.358;-2.548.383;
PAL0708;29;Gentoo penguin (Pygoscelis papua);Anvers;Biscoe;Adult, 1 Egg Stage;N47A1;Yes;11/29/07;48.2;14.3;210;4600;FEMALE;76.887;-2.550.811;
PAL0708;30;Gentoo penguin (Pygoscelis papua);Anvers;Biscoe;Adult, 1 Egg Stage;N47A2;Yes;11/29/07;50;15.3;220;5550;MALE;830.515;-2.519.017;
PAL0708;31;Gentoo penguin (Pygoscelis papua);Anvers;Biscoe;Adult, 1 Egg Stage;N50A1;Yes;11/29/07;47.3;15.3;222;5250;MALE;;;
PAL0708;32;Gentoo penguin (Pygoscelis papua);Anvers;Biscoe;Adult, 1 Egg Stage;N50A2;Yes;11/29/07;42.8;14.2;209;4700;FEMALE;763.452;-2.546.327;
PAL0708;33;Gentoo penguin (Pygoscelis papua);Anvers;Biscoe;Adult, 1 Egg Stage;N56A1;Yes;12/03/2007;45.1;14.5;207;5050;FEMALE;797.408;-2.553.768;
PAL0708;34;Gentoo penguin (Pygoscelis papua);Anvers;Biscoe;Adult, 1 Egg Stage;N56A2;Yes;12/03/2007;59.6;17;230;6050;MALE;776.843;-256.821;
PAL0809;35;Gentoo penguin (Pygoscelis papua);Anvers;Biscoe;Adult, 1 Egg Stage;N2A1;Yes;11/13/08;49.1;14.8;220;5150;FEMALE;789.744;-2.663.405;
PAL0809;36;Gentoo penguin (Pygoscelis papua);Anvers;Biscoe;Adult, 1 Egg Stage;N2A2;Yes;11/13/08;48.4;16.3;220;5400;MALE;803.659;-2.686.127;
PAL0809;37;Gentoo penguin (Pygoscelis papua);Anvers;Biscoe;Adult, 1 Egg Stage;N4A1;Yes;11/02/2008;42.6;13.7;213;4950;FEMALE;796.935;-2.670.968;
PAL0809;38;Gentoo penguin (Pygoscelis papua);Anvers;Biscoe;Adult, 1 Egg Stage;N4A2;Yes;11/02/2008;44.4;17.3;219;5250;MALE;813.746;-2.679.093;
PAL0809;39;Gentoo penguin (Pygoscelis papua);Anvers;Biscoe;Adult, 1 Egg Stage;N5A1;Yes;11/09/2008;44;13.6;208;4350;FEMALE;801.979;-2.668.311;
PAL0809;40;Gentoo penguin (Pygoscelis papua);Anvers;Biscoe;Adult, 1 Egg Stage;N5A2;Yes;11/09/2008;48.7;15.7;208;5350;MALE;814.776;-2.684.506;
PAL0809;41;Gentoo penguin (Pygoscelis papua);Anvers;Biscoe;Adult, 1 Egg Stage;N6A1;No;11/04/2008;42.7;13.7;208;3950;FEMALE;814.567;-2.659.467;
PAL0809;42;Gentoo penguin (Pygoscelis papua);Anvers;Biscoe;Adult, 1 Egg Stage;N6A2;No;11/04/2008;49.6;16;225;5700;MALE;838.324;-2.684.272;
PAL0809;43;Gentoo penguin (Pygoscelis papua);Anvers;Biscoe;Adult, 1 Egg Stage;N7A1;Yes;11/04/2008;45.3;13.7;210;4300;FEMALE;837.615;-2.672.791;
PAL0809;44;Gentoo penguin (Pygoscelis papua);Anvers;Biscoe;Adult, 1 Egg Stage;N7A2;Yes;11/04/2008;49.6;15;216;4750;MALE;826.548;-267.699;
PAL0809;45;Gentoo penguin (Pygoscelis papua);Anvers;Biscoe;Adult, 1 Egg Stage;N8A1;Yes;11/03/2008;50.5;15.9;222;5550;MALE;846.894;-2.660.436;
PAL0809;46;Gentoo penguin (Pygoscelis papua);Anvers;Biscoe;Adult, 1 Egg Stage;N8A2;Yes;11/03/2008;43.6;13.9;217;4900;FEMALE;827.141;-267.765;
PAL0809;47;Gentoo penguin (Pygoscelis papua);Anvers;Biscoe;Adult, 1 Egg Stage;N11A1;No;11/09/2008;45.5;13.9;210;4200;FEMALE;847.829;-2.661.788;
PAL0809;48;Gentoo penguin (Pygoscelis papua);Anvers;Biscoe;Adult, 1 Egg Stage;N11A2;No;11/09/2008;50.5;15.9;225;5400;MALE;865.803;-2.657.585;
PAL0809;49;Gentoo penguin (Pygoscelis papua);Anvers;Biscoe;Adult, 1 Egg Stage;N12A1;Yes;11/02/2008;44.9;13.3;213;5100;FEMALE;845.167;-2.689.644;
PAL0809;50;Gentoo penguin (Pygoscelis papua);Anvers;Biscoe;Adult, 1 Egg Stage;N12A2;Yes;11/02/2008;45.2;15.8;215;5300;MALE;855.868;-2.667.799;
PAL0809;51;Gentoo penguin (Pygoscelis papua);Anvers;Biscoe;Adult, 1 Egg Stage;N13A1;Yes;11/04/2008;46.6;14.2;210;4850;FEMALE;838.289;-2.686.352;
PAL0809;52;Gentoo penguin (Pygoscelis papua);Anvers;Biscoe;Adult, 1 Egg Stage;N13A2;Yes;11/04/2008;48.5;14.1;220;5300;MALE;839.867;-2.679.358;
PAL0809;53;Gentoo penguin (Pygoscelis papua);Anvers;Biscoe;Adult, 1 Egg Stage;N14A1;Yes;11/04/2008;45.1;14.4;210;4400;FEMALE;851.951;-2.701.854;
PAL0809;54;Gentoo penguin (Pygoscelis papua);Anvers;Biscoe;Adult, 1 Egg Stage;N14A2;Yes;11/04/2008;50.1;15;225;5000;MALE;850.153;-2.661.414;
PAL0809;55;Gentoo penguin (Pygoscelis papua);Anvers;Biscoe;Adult, 1 Egg Stage;N15A1;Yes;11/04/2008;46.5;14.4;217;4900;FEMALE;848.789;-2.683.006;
PAL0809;56;Gentoo penguin (Pygoscelis papua);Anvers;Biscoe;Adult, 1 Egg Stage;N15A2;Yes;11/04/2008;45;15.4;220;5050;MALE;863.488;-2.675.621;
PAL0809;57;Gentoo penguin (Pygoscelis papua);Anvers;Biscoe;Adult, 1 Egg Stage;N16A1;Yes;11/03/2008;43.8;13.9;208;4300;FEMALE;858.319;-2.684.415;
PAL0809;58;Gentoo penguin (Pygoscelis papua);Anvers;Biscoe;Adult, 1 Egg Stage;N16A2;Yes;11/03/2008;45.5;15;220;5000;MALE;863.604;-267.489;
PAL0809;59;Gentoo penguin (Pygoscelis papua);Anvers;Biscoe;Adult, 1 Egg Stage;N17A1;Yes;11/06/2008;43.2;14.5;208;4450;FEMALE;848.367;-2.686.485;
PAL0809;60;Gentoo penguin (Pygoscelis papua);Anvers;Biscoe;Adult, 1 Egg Stage;N17A2;Yes;11/06/2008;50.4;15.3;224;5550;MALE;874.647;-2.679.846;
PAL0809;61;Gentoo penguin (Pygoscelis papua);Anvers;Biscoe;Adult, 1 Egg Stage;N18A1;Yes;11/03/2008;45.3;13.8;208;4200;FEMALE;865.015;-2.679.053;
PAL0809;62;Gentoo penguin (Pygoscelis papua);Anvers;Biscoe;Adult, 1 Egg Stage;N18A2;Yes;11/03/2008;46.2;14.9;221;5300;MALE;860.092;-2.684.374;
PAL0809;63;Gentoo penguin (Pygoscelis papua);Anvers;Biscoe;Adult, 1 Egg Stage;N19A1;Yes;11/13/08;45.7;13.9;214;4400;FEMALE;86.287;-2.660.484;
PAL0809;64;Gentoo penguin (Pygoscelis papua);Anvers;Biscoe;Adult, 1 Egg Stage;N19A2;Yes;11/13/08;54.3;15.7;231;5650;MALE;849.662;-2.684.166;
PAL0809;65;Gentoo penguin (Pygoscelis papua);Anvers;Biscoe;Adult, 1 Egg Stage;N20A1;Yes;11/04/2008;45.8;14.2;219;4700;FEMALE;860.447;-2.661.601;
PAL0809;66;Gentoo penguin (Pygoscelis papua);Anvers;Biscoe;Adult, 1 Egg Stage;N20A2;Yes;11/04/2008;49.8;16.8;230;5700;MALE;847.067;-2.669.166;
PAL0809;67;Gentoo penguin (Pygoscelis papua);Anvers;Biscoe;Adult, 1 Egg Stage;N51A1;Yes;11/09/2008;46.2;14.4;214;4650;;824.253;-268.154;
PAL0809;68;Gentoo penguin (Pygoscelis papua);Anvers;Biscoe;Adult, 1 Egg Stage;N51A2;Yes;11/09/2008;49.5;16.2;229;5800;MALE;849.854;-2.674.809;
PAL0809;69;Gentoo penguin (Pygoscelis papua);Anvers;Biscoe;Adult, 1 Egg Stage;N53A1;Yes;11/13/08;43.5;14.2;220;4700;FEMALE;864.931;-2.668.867;
PAL0809;70;Gentoo penguin (Pygoscelis papua);Anvers;Biscoe;Adult, 1 Egg Stage;N53A2;Yes;11/13/08;50.7;15;223;5550;MALE;863.551;-2.674.249;
PAL0809;71;Gentoo penguin (Pygoscelis papua);Anvers;Biscoe;Adult, 1 Egg Stage;N54A1;Yes;11/03/2008;47.7;15;216;4750;FEMALE;853.018;-2.672.751;
PAL0809;72;Gentoo penguin (Pygoscelis papua);Anvers;Biscoe;Adult, 1 Egg Stage;N54A2;Yes;11/03/2008;46.4;15.6;221;5000;MALE;835.078;-2.670.783;
PAL0809;73;Gentoo penguin (Pygoscelis papua);Anvers;Biscoe;Adult, 1 Egg Stage;N55A1;Yes;11/09/2008;48.2;15.6;221;5100;MALE;824.651;-2.666.958;
PAL0809;74;Gentoo penguin (Pygoscelis papua);Anvers;Biscoe;Adult, 1 Egg Stage;N55A2;Yes;11/09/2008;46.5;14.8;217;5200;FEMALE;858.487;-265.929;
PAL0809;75;Gentoo penguin (Pygoscelis papua);Anvers;Biscoe;Adult, 1 Egg Stage;N56A1;Yes;11/06/2008;46.4;15;216;4700;FEMALE;847.938;-269.547;
PAL0809;76;Gentoo penguin (Pygoscelis papua);Anvers;Biscoe;Adult, 1 Egg Stage;N56A2;Yes;11/06/2008;48.6;16;230;5800;MALE;85.964;-2.671.199;
PAL0809;77;Gentoo penguin (Pygoscelis papua);Anvers;Biscoe;Adult, 1 Egg Stage;N58A1;Yes;11/06/2008;47.5;14.2;209;4600;FEMALE;839.299;-2.678.733;
PAL0809;78;Gentoo penguin (Pygoscelis papua);Anvers;Biscoe;Adult, 1 Egg Stage;N58A2;Yes;11/06/2008;51.1;16.3;220;6000;MALE;840.327;-2.676.821;
PAL0809;79;Gentoo penguin (Pygoscelis papua);Anvers;Biscoe;Adult, 1 Egg Stage;N60A1;Yes;11/09/2008;45.2;13.8;215;4750;FEMALE;824.694;-2.665.359;
PAL0809;80;Gentoo penguin (Pygoscelis papua);Anvers;Biscoe;Adult, 1 Egg Stage;N60A2;Yes;11/09/2008;45.2;16.4;223;5950;MALE;819.749;-2.665.931;
PAL0910;81;Gentoo penguin (Pygoscelis papua);Anvers;Biscoe;Adult, 1 Egg Stage;N1A1;Yes;11/18/09;49.1;14.5;212;4625;FEMALE;835.802;-262.766;
PAL0910;82;Gentoo penguin (Pygoscelis papua);Anvers;Biscoe;Adult, 1 Egg Stage;N1A2;Yes;11/18/09;52.5;15.6;221;5450;MALE;828.601;-2.627.573;
PAL0910;83;Gentoo penguin (Pygoscelis papua);Anvers;Biscoe;Adult, 1 Egg Stage;N6A1;Yes;11/15/09;47.4;14.6;212;4725;FEMALE;819.101;-2.624.369;
PAL0910;84;Gentoo penguin (Pygoscelis papua);Anvers;Biscoe;Adult, 1 Egg Stage;N6A2;Yes;11/15/09;50;15.9;224;5350;MALE;820.042;-2.639.677;
PAL0910;85;Gentoo penguin (Pygoscelis papua);Anvers;Biscoe;Adult, 1 Egg Stage;N8A1;Yes;11/22/09;44.9;13.8;212;4750;FEMALE;811.238;-2.620.372;
PAL0910;86;Gentoo penguin (Pygoscelis papua);Anvers;Biscoe;Adult, 1 Egg Stage;N8A2;Yes;11/22/09;50.8;17.3;228;5600;MALE;827.428;-2.630.019;
PAL0910;87;Gentoo penguin (Pygoscelis papua);Anvers;Biscoe;Adult, 1 Egg Stage;N13A1;Yes;11/20/09;43.4;14.4;218;4600;FEMALE;823.468;-2.618.599;
PAL0910;88;Gentoo penguin (Pygoscelis papua);Anvers;Biscoe;Adult, 1 Egg Stage;N13A2;Yes;11/20/09;51.3;14.2;218;5300;MALE;815.426;-263.433;
PAL0910;89;Gentoo penguin (Pygoscelis papua);Anvers;Biscoe;Adult, 1 Egg Stage;N14A1;Yes;11/25/09;47.5;14;212;4875;FEMALE;812.691;-2.623.613;
PAL0910;90;Gentoo penguin (Pygoscelis papua);Anvers;Biscoe;Adult, 1 Egg Stage;N14A2;Yes;11/25/09;52.1;17;230;5550;MALE;827.595;-2.611.657;
PAL0910;91;Gentoo penguin (Pygoscelis papua);Anvers;Biscoe;Adult, 1 Egg Stage;N15A1;Yes;11/25/09;47.5;15;218;4950;FEMALE;829.671;-2.608.547;
PAL0910;92;Gentoo penguin (Pygoscelis papua);Anvers;Biscoe;Adult, 1 Egg Stage;N15A2;Yes;11/25/09;52.2;17.1;228;5400;MALE;836.701;-2.589.834;
PAL0910;93;Gentoo penguin (Pygoscelis papua);Anvers;Biscoe;Adult, 1 Egg Stage;N18A1;Yes;12/01/2009;45.5;14.5;212;4750;FEMALE;815.566;-2.622.848;
PAL0910;94;Gentoo penguin (Pygoscelis papua);Anvers;Biscoe;Adult, 1 Egg Stage;N18A2;Yes;12/01/2009;49.5;16.1;224;5650;MALE;883.352;-2.569.195;
PAL0910;95;Gentoo penguin (Pygoscelis papua);Anvers;Biscoe;Adult, 1 Egg Stage;N19A1;Yes;11/27/09;44.5;14.7;214;4850;FEMALE;820.106;-2.616.524;
PAL0910;96;Gentoo penguin (Pygoscelis papua);Anvers;Biscoe;Adult, 1 Egg Stage;N19A2;Yes;11/27/09;50.8;15.7;226;5200;MALE;827.102;-2.611.244;
PAL0910;97;Gentoo penguin (Pygoscelis papua);Anvers;Biscoe;Adult, 1 Egg Stage;N20A1;Yes;11/18/09;49.4;15.8;216;4925;MALE;803.624;-2.606.594;
PAL0910;98;Gentoo penguin (Pygoscelis papua);Anvers;Biscoe;Adult, 1 Egg Stage;N20A2;Yes;11/18/09;46.9;14.6;222;4875;FEMALE;78.881;-2.604.726;
PAL0910;99;Gentoo penguin (Pygoscelis papua);Anvers;Biscoe;Adult, 1 Egg Stage;N21A1;Yes;11/18/09;48.4;14.4;203;4625;FEMALE;816.582;-2.613.971;
PAL0910;100;Gentoo penguin (Pygoscelis papua);Anvers;Biscoe;Adult, 1 Egg Stage;N21A2;Yes;11/18/09;51.1;16.5;225;5250;MALE;82.066;-2.636.863;
PAL0910;101;Gentoo penguin (Pygoscelis papua);Anvers;Biscoe;Adult, 1 Egg Stage;N22A1;Yes;11/22/09;48.5;15;219;4850;FEMALE;810.231;-2.618.763;
PAL0910;102;Gentoo penguin (Pygoscelis papua);Anvers;Biscoe;Adult, 1 Egg Stage;N22A2;Yes;11/22/09;55.9;17;228;5600;MALE;83.118;-2.635.425;
PAL0910;103;Gentoo penguin (Pygoscelis papua);Anvers;Biscoe;Adult, 1 Egg Stage;N23A1;Yes;11/18/09;47.2;15.5;215;4975;FEMALE;830.817;-2.621.651;
PAL0910;104;Gentoo penguin (Pygoscelis papua);Anvers;Biscoe;Adult, 1 Egg Stage;N23A2;Yes;11/18/09;49.1;15;228;5500;MALE;865.914;-2.579.203;
PAL0910;105;Gentoo penguin (Pygoscelis papua);Anvers;Biscoe;Adult, 1 Egg Stage;N24A1;Yes;12/01/2009;47.3;13.8;216;4725;;825.818;-2.623.886;
PAL0910;106;Gentoo penguin (Pygoscelis papua);Anvers;Biscoe;Adult, 1 Egg Stage;N24A2;Yes;12/01/2009;46.8;16.1;215;5500;MALE;832.359;-2.605.756;
PAL0910;107;Gentoo penguin (Pygoscelis papua);Anvers;Biscoe;Adult, 1 Egg Stage;N28A1;Yes;11/10/2009;41.7;14.7;210;4700;FEMALE;812.311;-2.644.815;
PAL0910;108;Gentoo penguin (Pygoscelis papua);Anvers;Biscoe;Adult, 1 Egg Stage;N28A2;Yes;11/10/2009;53.4;15.8;219;5500;MALE;841.017;-2.633.867;
PAL0910;109;Gentoo penguin (Pygoscelis papua);Anvers;Biscoe;Adult, 1 Egg Stage;N29A1;Yes;11/09/2009;43.3;14;208;4575;FEMALE;84.207;-2.638.092;
PAL0910;110;Gentoo penguin (Pygoscelis papua);Anvers;Biscoe;Adult, 1 Egg Stage;N29A2;Yes;11/09/2009;48.1;15.1;209;5500;MALE;845.738;-2.622.664;
PAL0910;111;Gentoo penguin (Pygoscelis papua);Anvers;Biscoe;Adult, 1 Egg Stage;N32A1;Yes;11/20/09;50.5;15.2;216;5000;FEMALE;824.691;-2.618.466;
PAL0910;112;Gentoo penguin (Pygoscelis papua);Anvers;Biscoe;Adult, 1 Egg Stage;N32A2;Yes;11/20/09;49.8;15.9;229;5950;MALE;829.226;-2.621.019;
PAL0910;113;Gentoo penguin (Pygoscelis papua);Anvers;Biscoe;Adult, 1 Egg Stage;N34A1;Yes;11/27/09;43.5;15.2;213;4650;FEMALE;821.634;-2.611.046;
PAL0910;114;Gentoo penguin (Pygoscelis papua);Anvers;Biscoe;Adult, 1 Egg Stage;N34A2;Yes;11/27/09;51.5;16.3;230;5500;MALE;878.557;-2.576.147;
PAL0910;115;Gentoo penguin (Pygoscelis papua);Anvers;Biscoe;Adult, 1 Egg Stage;N35A1;Yes;11/25/09;46.2;14.1;217;4375;FEMALE;830.231;-2.596.013;
PAL0910;116;Gentoo penguin (Pygoscelis papua);Anvers;Biscoe;Adult, 1 Egg Stage;N35A2;Yes;11/25/09;55.1;16;230;5850;MALE;808.354;-2.618.161;
PAL0910;117;Gentoo penguin (Pygoscelis papua);Anvers;Biscoe;Adult, 1 Egg Stage;N36A1;Yes;12/01/2009;44.5;15.7;217;4875;.;804.111;-2.618.444;
PAL0910;118;Gentoo penguin (Pygoscelis papua);Anvers;Biscoe;Adult, 1 Egg Stage;N36A2;Yes;12/01/2009;48.8;16.2;222;6000;MALE;833.825;-2.588.547;
PAL0910;119;Gentoo penguin (Pygoscelis papua);Anvers;Biscoe;Adult, 1 Egg Stage;N38A1;No;12/01/2009;47.2;13.7;214;4925;FEMALE;799.184;-2.620.538;
PAL0910;120;Gentoo penguin (Pygoscelis papua);Anvers;Biscoe;Adult, 1 Egg Stage;N38A2;No;12/01/2009;;;;;;;;
PAL0910;121;Gentoo penguin (Pygoscelis papua);Anvers;Biscoe;Adult, 1 Egg Stage;N39A1;Yes;11/22/09;46.8;14.3;215;4850;FEMALE;841.151;-2.613.832;
PAL0910;122;Gentoo penguin (Pygoscelis papua);Anvers;Biscoe;Adult, 1 Egg Stage;N39A2;Yes;11/22/09;50.4;15.7;222;5750;MALE;830.166;-2.604.117;
PAL0910;123;Gentoo penguin (Pygoscelis papua);Anvers;Biscoe;Adult, 1 Egg Stage;N43A1;Yes;11/22/09;45.2;14.8;212;5200;FEMALE;824.246;-2.611.969;
PAL0910;124;Gentoo penguin (Pygoscelis papua);Anvers;Biscoe;Adult, 1 Egg Stage;N43A2;Yes;11/22/09;49.9;16.1;213;5400;MALE;83.639;-2.615.531;
