,Species,Island,Individual ID,Clutch Completion,Date Egg,Culmen Length (mm),Culmen Depth (mm),Flipper Length (mm),Body Mass (g),Sex
0,Adelie Penguin (Pygoscelis adeliae),Torgersen,N1A1,Yes,2007-11-11,39.1,18.7,181.0,3750.0,MALE
1,Adelie Penguin (Pygoscelis adeliae),Torgersen,N1A2,Yes,2007-11-11,39.5,17.4,186.0,3800.0,FEMALE
2,Adelie Penguin (Pygoscelis adeliae),Torgersen,N2A1,Yes,2007-11-16,40.3,18.0,195.0,3250.0,FEMALE
4,Adelie Penguin (Pygoscelis adeliae),Torgersen,N3A1,Yes,2007-11-16,36.7,19.3,193.0,3450.0,FEMALE
5,Adelie Penguin (Pygoscelis adeliae),Torgersen,N3A2,Yes,2007-11-16,39.3,20.6,190.0,3650.0,MALE
6,Adelie Penguin (Pygoscelis adeliae),Torgersen,N4A1,No,2007-11-15,38.9,17.8,181.0,3625.0,FEMALE
7,Adelie Penguin (Pygoscelis adeliae),Torgersen,N4A2,No,2007-11-15,39.2,19.6,195.0,4675.0,MALE
12,Adelie Penguin (Pygoscelis adeliae),Torgersen,N7A1,Yes,2007-11-15,41.1,17.6,182.0,3200.0,FEMALE
13,Adelie Penguin (Pygoscelis adeliae),Torgersen,N7A2,Yes,2007-11-15,38.6,21.2,191.0,3800.0,MALE
14,Adelie Penguin (Pygoscelis adeliae),Torgersen,N8A1,Yes,2007-11-16,34.6,21.1,198.0,4400.0,MALE
15,Adelie Penguin (Pygoscelis adeliae),Torgersen,N8A2,Yes,2007-11-16,36.6,17.8,185.0,3700.0,FEMALE
16,Adelie Penguin (Pygoscelis adeliae),Torgersen,N9A1,Yes,2007-11-12,38.7,19.0,195.0,3450.0,FEMALE
17,Adelie Penguin (Pygoscelis adeliae),Torgersen,N9A2,Yes,2007-11-12,42.5,20.7,197.0,4500.0,MALE
18,Adelie Penguin (Pygoscelis adeliae),Torgersen,N10A1,Yes,2007-11-16,34.4,18.4,184.0,3325.0,FEMALE
19,Adelie Penguin (Pygoscelis adeliae),Torgersen,N10A2,Yes,2007-11-16,46.0,21.5,194.0,4200.0,MALE
20,Adelie Penguin (Pygoscelis adeliae),Biscoe,N11A1,Yes,2007-11-12,37.8,18.3,174.0,3400.0,FEMALE
21,Adelie Penguin (Pygoscelis adeliae),Biscoe,N11A2,Yes,2007-11-12,37.7,18.7,180.0,3600.0,MALE
22,Adelie Penguin (Pygoscelis adeliae),Biscoe,N12A1,Yes,2007-11-12,35.9,19.2,189.0,3800.0,FEMALE
23,Adelie Penguin (Pygoscelis adeliae),Biscoe,N12A2,Yes,2007-11-12,38.2,18.1,185.0,3950.0,MALE
24,Adelie Penguin (Pygoscelis adeliae),Biscoe,N13A1,Yes,2007-11-10,38.8,17.2,180.0,3800.0,MALE
25,Adelie Penguin (Pygoscelis adeliae),Biscoe,N13A2,Yes,2007-11-10,35.3,18.9,187.0,3800.0,FEMALE
26,Adelie Penguin (Pygoscelis adeliae),Biscoe,N17A1,Yes,2007-11-12,40.6,18.6,183.0,3550.0,MALE
27,Adelie Penguin (Pygoscelis adeliae),Biscoe,N17A2,Yes,2007-11-12,40.5,17.9,187.0,3200.0,FEMALE
28,Adelie Penguin (Pygoscelis adeliae),Biscoe,N18A1,No,2007-11-10,37.9,18.6,172.0,3150.0,FEMALE
29,Adelie Penguin (Pygoscelis adeliae),Biscoe,N18A2,No,2007-11-10,40.5,18.9,180.0,3950.0,MALE
30,Adelie Penguin (Pygoscelis adeliae),Dream,N21A1,Yes,2007-11-09,39.5,16.7,178.0,3250.0,FEMALE
31,Adelie Penguin (Pygoscelis adeliae),Dream,N21A2,Yes,2007-11-09,37.2,18.1,178.0,3900.0,MALE
32,Adelie Penguin (Pygoscelis adeliae),Dream,N22A1,Yes,2007-11-09,39.5,17.8,188.0,3300.0,FEMALE
33,Adelie Penguin (Pygoscelis adeliae),Dream,N22A2,Yes,2007-11-09,40.9,18.9,184.0,3900.0,MALE
34,Adelie Penguin (Pygoscelis adeliae),Dream,N23A1,Yes,2007-11-16,36.4,17.0,195.0,3325.0,FEMALE
35,Adelie Penguin (Pygoscelis adeliae),Dream,N23A2,Yes,2007-11-16,39.2,21.1,196.0,4150.0,MALE
36,Adelie Penguin (Pygoscelis adeliae),Dream,N24A1,Yes,2007-11-16,38.8,20.0,190.0,3950.0,MALE
37,Adelie Penguin (Pygoscelis adeliae),Dream,N24A2,Yes,2007-11-16,42.2,18.5,180.0,3550.0,FEMALE
38,Adelie Penguin (Pygoscelis adeliae),Dream,N25A1,No,2007-11-13,37.6,19.3,181.0,3300.0,FEMALE
39,Adelie Penguin (Pygoscelis adeliae),Dream,N25A2,No,2007-11-13,39.8,19.1,184.0,4650.0,MALE
40,Adelie Penguin (Pygoscelis adeliae),Dream,N26A1,Yes,2007-11-16,36.5,18.0,182.0,3150.0,FEMALE
41,Adelie Penguin (Pygoscelis adeliae),Dream,N26A2,Yes,2007-11-16,40.8,18.4,195.0,3900.0,MALE
42,Adelie Penguin (Pygoscelis adeliae),Dream,N27A1,Yes,2007-11-19,36.0,18.5,186.0,3100.0,FEMALE
43,Adelie Penguin (Pygoscelis adeliae),Dream,N27A2,Yes,2007-11-19,44.1,19.7,196.0,4400.0,MALE
44,Adelie Penguin (Pygoscelis adeliae),Dream,N28A1,Yes,2007-11-16,37.0,16.9,185.0,3000.0,FEMALE
45,Adelie Penguin (Pygoscelis adeliae),Dream,N28A2,Yes,2007-11-16,39.6,18.8,190.0,4600.0,MALE
46,Adelie Penguin (Pygoscelis adeliae),Dream,N29A1,Yes,2007-11-13,41.1,19.0,182.0,3425.0,MALE
48,Adelie Penguin (Pygoscelis adeliae),Dream,N30A1,Yes,2007-11-13,36.0,17.9,190.0,3450.0,FEMALE
49,Adelie Penguin (Pygoscelis adeliae),Dream,N30A2,Yes,2007-11-13,42.3,21.2,191.0,4150.0,MALE
50,Adelie Penguin (Pygoscelis adeliae),Biscoe,N21A1,Yes,2008-11-06,39.6,17.7,186.0,3500.0,FEMALE
51,Adelie Penguin (Pygoscelis adeliae),Biscoe,N21A2,Yes,2008-11-06,40.1,18.9,188.0,4300.0,MALE
52,Adelie Penguin (Pygoscelis adeliae),Biscoe,N22A1,Yes,2008-11-09,35.0,17.9,190.0,3450.0,FEMALE
53,Adelie Penguin (Pygoscelis adeliae),Biscoe,N22A2,Yes,2008-11-09,42.0,19.5,200.0,4050.0,MALE
54,Adelie Penguin (Pygoscelis adeliae),Biscoe,N23A1,Yes,2008-11-09,34.5,18.1,187.0,2900.0,FEMALE
55,Adelie Penguin (Pygoscelis adeliae),Biscoe,N23A2,Yes,2008-11-09,41.4,18.6,191.0,3700.0,MALE
56,Adelie Penguin (Pygoscelis adeliae),Biscoe,N24A1,Yes,2008-11-15,39.0,17.5,186.0,3550.0,FEMALE
57,Adelie Penguin (Pygoscelis adeliae),Biscoe,N24A2,Yes,2008-11-15,40.6,18.8,193.0,3800.0,MALE
58,Adelie Penguin (Pygoscelis adeliae),Biscoe,N25A1,Yes,2008-11-15,36.5,16.6,181.0,2850.0,FEMALE
59,Adelie Penguin (Pygoscelis adeliae),Biscoe,N25A2,Yes,2008-11-15,37.6,19.1,194.0,3750.0,MALE
60,Adelie Penguin (Pygoscelis adeliae),Biscoe,N27A1,Yes,2008-11-13,35.7,16.9,185.0,3150.0,FEMALE
61,Adelie Penguin (Pygoscelis adeliae),Biscoe,N27A2,Yes,2008-11-13,41.3,21.1,195.0,4400.0,MALE
62,Adelie Penguin (Pygoscelis adeliae),Biscoe,N28A1,Yes,2008-11-13,37.6,17.0,185.0,3600.0,FEMALE
63,Adelie Penguin (Pygoscelis adeliae),Biscoe,N28A2,Yes,2008-11-13,41.1,18.2,192.0,4050.0,MALE
64,Adelie Penguin (Pygoscelis adeliae),Biscoe,N29A1,Yes,2008-11-13,36.4,17.1,184.0,2850.0,FEMALE
65,Adelie Penguin (Pygoscelis adeliae),Biscoe,N29A2,Yes,2008-11-13,41.6,18.0,192.0,3950.0,MALE
66,Adelie Penguin (Pygoscelis adeliae),Biscoe,N30A1,Yes,2008-11-06,35.5,16.2,195.0,3350.0,FEMALE
67,Adelie Penguin (Pygoscelis adeliae),Biscoe,N30A2,Yes,2008-11-06,41.1,19.1,188.0,4100.0,MALE
68,Adelie Penguin (Pygoscelis adeliae),Torgersen,N32A1,No,2008-11-11,35.9,16.6,190.0,3050.0,FEMALE
69,Adelie Penguin (Pygoscelis adeliae),Torgersen,N32A2,No,2008-11-11,41.8,19.4,198.0,4450.0,MALE
70,Adelie Penguin (Pygoscelis adeliae),Torgersen,N34A1,Yes,2008-11-14,33.5,19.0,190.0,3600.0,FEMALE
71,Adelie Penguin (Pygoscelis adeliae),Torgersen,N34A2,Yes,2008-11-14,39.7,18.4,190.0,3900.0,MALE
72,Adelie Penguin (Pygoscelis adeliae),Torgersen,N35A1,Yes,2008-11-11,39.6,17.2,196.0,3550.0,FEMALE
73,Adelie Penguin (Pygoscelis adeliae),Torgersen,N35A2,Yes,2008-11-11,45.8,18.9,197.0,4150.0,MALE
74,Adelie Penguin (Pygoscelis adeliae),Torgersen,N36A1,Yes,2008-11-08,35.5,17.5,190.0,3700.0,FEMALE
75,Adelie Penguin (Pygoscelis adeliae),Torgersen,N36A2,Yes,2008-11-08,42.8,18.5,195.0,4250.0,MALE
76,Adelie Penguin (Pygoscelis adeliae),Torgersen,N37A1,Yes,2008-11-06,40.9,16.8,191.0,3700.0,FEMALE
77,Adelie Penguin (Pygoscelis adeliae),Torgersen,N37A2,Yes,2008-11-06,37.2,19.4,184.0,3900.0,MALE
78,Adelie Penguin (Pygoscelis adeliae),Torgersen,N38A1,Yes,2008-11-09,36.2,16.1,187.0,3550.0,FEMALE
79,Adelie Penguin (Pygoscelis adeliae),Torgersen,N38A2,Yes,2008-11-09,42.1,19.1,195.0,4000.0,MALE
80,Adelie Penguin (Pygoscelis adeliae),Torgersen,N39A1,Yes,2008-11-02,34.6,17.2,189.0,3200.0,FEMALE
81,Adelie Penguin (Pygoscelis adeliae),Torgersen,N39A2,Yes,2008-11-02,42.9,17.6,196.0,4700.0,MALE
82,Adelie Penguin (Pygoscelis adeliae),Torgersen,N40A1,Yes,2008-11-07,36.7,18.8,187.0,3800.0,FEMALE
83,Adelie Penguin (Pygoscelis adeliae),Torgersen,N40A2,Yes,2008-11-07,35.1,19.4,193.0,4200.0,MALE
84,Adelie Penguin (Pygoscelis adeliae),Dream,N41A1,Yes,2008-11-17,37.3,17.8,191.0,3350.0,FEMALE
85,Adelie Penguin (Pygoscelis adeliae),Dream,N41A2,Yes,2008-11-17,41.3,20.3,194.0,3550.0,MALE
86,Adelie Penguin (Pygoscelis adeliae),Dream,N42A1,Yes,2008-11-08,36.3,19.5,190.0,3800.0,MALE
87,Adelie Penguin (Pygoscelis adeliae),Dream,N42A2,Yes,2008-11-08,36.9,18.6,189.0,3500.0,FEMALE
88,Adelie Penguin (Pygoscelis adeliae),Dream,N44A1,Yes,2008-11-08,38.3,19.2,189.0,3950.0,MALE
89,Adelie Penguin (Pygoscelis adeliae),Dream,N44A2,Yes,2008-11-08,38.9,18.8,190.0,3600.0,FEMALE
90,Adelie Penguin (Pygoscelis adeliae),Dream,N45A1,Yes,2008-11-14,35.7,18.0,202.0,3550.0,FEMALE
91,Adelie Penguin (Pygoscelis adeliae),Dream,N45A2,Yes,2008-11-14,41.1,18.1,205.0,4300.0,MALE
92,Adelie Penguin (Pygoscelis adeliae),Dream,N46A1,Yes,2008-11-05,34.0,17.1,185.0,3400.0,FEMALE
93,Adelie Penguin (Pygoscelis adeliae),Dream,N46A2,Yes,2008-11-05,39.6,18.1,186.0,4450.0,MALE
94,Adelie Penguin (Pygoscelis adeliae),Dream,N48A1,Yes,2008-11-17,36.2,17.3,187.0,3300.0,FEMALE
95,Adelie Penguin (Pygoscelis adeliae),Dream,N48A2,Yes,2008-11-17,40.8,18.9,208.0,4300.0,MALE
96,Adelie Penguin (Pygoscelis adeliae),Dream,N49A1,Yes,2008-11-08,38.1,18.6,190.0,3700.0,FEMALE
97,Adelie Penguin (Pygoscelis adeliae),Dream,N49A2,Yes,2008-11-08,40.3,18.5,196.0,4350.0,MALE
98,Adelie Penguin (Pygoscelis adeliae),Dream,N50A1,Yes,2008-11-10,33.1,16.1,178.0,2900.0,FEMALE
99,Adelie Penguin (Pygoscelis adeliae),Dream,N50A2,Yes,2008-11-10,43.2,18.5,192.0,4100.0,MALE
100,Adelie Penguin (Pygoscelis adeliae),Biscoe,N47A1,Yes,2009-11-09,35.0,17.9,192.0,3725.0,FEMALE
101,Adelie Penguin (Pygoscelis adeliae),Biscoe,N47A2,Yes,2009-11-09,41.0,20.0,203.0,4725.0,MALE
102,Adelie Penguin (Pygoscelis adeliae),Biscoe,N49A1,Yes,2009-11-15,37.7,16.0,183.0,3075.0,FEMALE
103,Adelie Penguin (Pygoscelis adeliae),Biscoe,N49A2,Yes,2009-11-15,37.8,20.0,190.0,4250.0,MALE
104,Adelie Penguin (Pygoscelis adeliae),Biscoe,N51A1,Yes,2009-11-15,37.9,18.6,193.0,2925.0,FEMALE
105,Adelie Penguin (Pygoscelis adeliae),Biscoe,N51A2,Yes,2009-11-15,39.7,18.9,184.0,3550.0,MALE
106,Adelie Penguin (Pygoscelis adeliae),Biscoe,N53A1,Yes,2009-11-15,38.6,17.2,199.0,3750.0,FEMALE
107,Adelie Penguin (Pygoscelis adeliae),Biscoe,N53A2,Yes,2009-11-15,38.2,20.0,190.0,3900.0,MALE
108,Adelie Penguin (Pygoscelis adeliae),Biscoe,N55A1,Yes,2009-11-20,38.1,17.0,181.0,3175.0,FEMALE
109,Adelie Penguin (Pygoscelis adeliae),Biscoe,N55A2,Yes,2009-11-20,43.2,19.0,197.0,4775.0,MALE
110,Adelie Penguin (Pygoscelis adeliae),Biscoe,N58A1,Yes,2009-11-12,38.1,16.5,198.0,3825.0,FEMALE
111,Adelie Penguin (Pygoscelis adeliae),Biscoe,N58A2,Yes,2009-11-12,45.6,20.3,191.0,4600.0,MALE
112,Adelie Penguin (Pygoscelis adeliae),Biscoe,N60A1,Yes,2009-11-15,39.7,17.7,193.0,3200.0,FEMALE
113,Adelie Penguin (Pygoscelis adeliae),Biscoe,N60A2,Yes,2009-11-15,42.2,19.5,197.0,4275.0,MALE
114,Adelie Penguin (Pygoscelis adeliae),Biscoe,N61A1,Yes,2009-11-17,39.6,20.7,191.0,3900.0,FEMALE
115,Adelie Penguin (Pygoscelis adeliae),Biscoe,N61A2,Yes,2009-11-17,42.7,18.3,196.0,4075.0,MALE
116,Adelie Penguin (Pygoscelis adeliae),Torgersen,N63A1,Yes,2009-11-18,38.6,17.0,188.0,2900.0,FEMALE
117,Adelie Penguin (Pygoscelis adeliae),Torgersen,N63A2,Yes,2009-11-18,37.3,20.5,199.0,3775.0,MALE
118,Adelie Penguin (Pygoscelis adeliae),Torgersen,N64A1,Yes,2009-11-22,35.7,17.0,189.0,3350.0,FEMALE
119,Adelie Penguin (Pygoscelis adeliae),Torgersen,N64A2,Yes,2009-11-22,41.1,18.6,189.0,3325.0,MALE
120,Adelie Penguin (Pygoscelis adeliae),Torgersen,N66A1,No,2009-11-17,36.2,17.2,187.0,3150.0,FEMALE
121,Adelie Penguin (Pygoscelis adeliae),Torgersen,N66A2,No,2009-11-17,37.7,19.8,198.0,3500.0,MALE
122,Adelie Penguin (Pygoscelis adeliae),Torgersen,N67A1,Yes,2009-11-16,40.2,17.0,176.0,3450.0,FEMALE
123,Adelie Penguin (Pygoscelis adeliae),Torgersen,N67A2,Yes,2009-11-16,41.4,18.5,202.0,3875.0,MALE
124,Adelie Penguin (Pygoscelis adeliae),Torgersen,N69A1,Yes,2009-11-18,35.2,15.9,186.0,3050.0,FEMALE
125,Adelie Penguin (Pygoscelis adeliae),Torgersen,N69A2,Yes,2009-11-18,40.6,19.0,199.0,4000.0,MALE
126,Adelie Penguin (Pygoscelis adeliae),Torgersen,N71A1,Yes,2009-11-21,38.8,17.6,191.0,3275.0,FEMALE
127,Adelie Penguin (Pygoscelis adeliae),Torgersen,N71A2,Yes,2009-11-21,41.5,18.3,195.0,4300.0,MALE
128,Adelie Penguin (Pygoscelis adeliae),Torgersen,N72A1,Yes,2009-11-18,39.0,17.1,191.0,3050.0,FEMALE
129,Adelie Penguin (Pygoscelis adeliae),Torgersen,N72A2,Yes,2009-11-18,44.1,18.0,210.0,4000.0,MALE
130,Adelie Penguin (Pygoscelis adeliae),Torgersen,N73A1,No,2009-11-23,38.5,17.9,190.0,3325.0,FEMALE
131,Adelie Penguin (Pygoscelis adeliae),Torgersen,N73A2,No,2009-11-23,43.1,19.2,197.0,3500.0,MALE
132,Adelie Penguin (Pygoscelis adeliae),Dream,N76A1,Yes,2009-11-10,36.8,18.5,193.0,3500.0,FEMALE
133,Adelie Penguin (Pygoscelis adeliae),Dream,N76A2,Yes,2009-11-10,37.5,18.5,199.0,4475.0,MALE
134,Adelie Penguin (Pygoscelis adeliae),Dream,N77A1,Yes,2009-11-13,38.1,17.6,187.0,3425.0,FEMALE
135,Adelie Penguin (Pygoscelis adeliae),Dream,N77A2,Yes,2009-11-13,41.1,17.5,190.0,3900.0,MALE
136,Adelie Penguin (Pygoscelis adeliae),Dream,N78A1,Yes,2009-11-16,35.6,17.5,191.0,3175.0,FEMALE
137,Adelie Penguin (Pygoscelis adeliae),Dream,N78A2,Yes,2009-11-16,40.2,20.1,200.0,3975.0,MALE
138,Adelie Penguin (Pygoscelis adeliae),Dream,N79A1,No,2009-11-16,37.0,16.5,185.0,3400.0,FEMALE
139,Adelie Penguin (Pygoscelis adeliae),Dream,N79A2,No,2009-11-16,39.7,17.9,193.0,4250.0,MALE
140,Adelie Penguin (Pygoscelis adeliae),Dream,N80A1,Yes,2009-11-14,40.2,17.1,193.0,3400.0,FEMALE
141,Adelie Penguin (Pygoscelis adeliae),Dream,N80A2,Yes,2009-11-14,40.6,17.2,187.0,3475.0,MALE
142,Adelie Penguin (Pygoscelis adeliae),Dream,N81A1,Yes,2009-11-16,32.1,15.5,188.0,3050.0,FEMALE
143,Adelie Penguin (Pygoscelis adeliae),Dream,N81A2,Yes,2009-11-16,40.7,17.0,190.0,3725.0,MALE
144,Adelie Penguin (Pygoscelis adeliae),Dream,N82A1,Yes,2009-11-16,37.3,16.8,192.0,3000.0,FEMALE
145,Adelie Penguin (Pygoscelis adeliae),Dream,N82A2,Yes,2009-11-16,39.0,18.7,185.0,3650.0,MALE
146,Adelie Penguin (Pygoscelis adeliae),Dream,N83A1,Yes,2009-11-13,39.2,18.6,190.0,4250.0,MALE
147,Adelie Penguin (Pygoscelis adeliae),Dream,N83A2,Yes,2009-11-13,36.6,18.4,184.0,3475.0,FEMALE
148,Adelie Penguin (Pygoscelis adeliae),Dream,N84A1,Yes,2009-11-17,36.0,17.8,195.0,3450.0,FEMALE
149,Adelie Penguin (Pygoscelis adeliae),Dream,N84A2,Yes,2009-11-17,37.8,18.1,193.0,3750.0,MALE
150,Adelie Penguin (Pygoscelis adeliae),Dream,N85A1,Yes,2009-11-17,36.0,17.1,187.0,3700.0,FEMALE
151,Adelie Penguin (Pygoscelis adeliae),Dream,N85A2,Yes,2009-11-17,41.5,18.5,201.0,4000.0,MALE
152,Chinstrap penguin (Pygoscelis antarctica),Dream,N61A1,No,2007-11-19,46.5,17.9,192.0,3500.0,FEMALE
153,Chinstrap penguin (Pygoscelis antarctica),Dream,N61A2,No,2007-11-19,50.0,19.5,196.0,3900.0,MALE
154,Chinstrap penguin (Pygoscelis antarctica),Dream,N62A1,Yes,2007-11-26,51.3,19.2,193.0,3650.0,MALE
155,Chinstrap penguin (Pygoscelis antarctica),Dream,N62A2,Yes,2007-11-26,45.4,18.7,188.0,3525.0,FEMALE
156,Chinstrap penguin (Pygoscelis antarctica),Dream,N64A1,Yes,2007-11-21,52.7,19.8,197.0,3725.0,MALE
157,Chinstrap penguin (Pygoscelis antarctica),Dream,N64A2,Yes,2007-11-21,45.2,17.8,198.0,3950.0,FEMALE
158,Chinstrap penguin (Pygoscelis antarctica),Dream,N66A1,Yes,2007-11-28,46.1,18.2,178.0,3250.0,FEMALE
159,Chinstrap penguin (Pygoscelis antarctica),Dream,N66A2,Yes,2007-11-28,51.3,18.2,197.0,3750.0,MALE
160,Chinstrap penguin (Pygoscelis antarctica),Dream,N67A1,Yes,2007-11-21,46.0,18.9,195.0,4150.0,FEMALE
161,Chinstrap penguin (Pygoscelis antarctica),Dream,N67A2,Yes,2007-11-21,51.3,19.9,198.0,3700.0,MALE
162,Chinstrap penguin (Pygoscelis antarctica),Dream,N68A1,Yes,2007-11-28,46.6,17.8,193.0,3800.0,FEMALE
163,Chinstrap penguin (Pygoscelis antarctica),Dream,N68A2,Yes,2007-11-28,51.7,20.3,194.0,3775.0,MALE
164,Chinstrap penguin (Pygoscelis antarctica),Dream,N69A1,Yes,2007-11-26,47.0,17.3,185.0,3700.0,FEMALE
165,Chinstrap penguin (Pygoscelis antarctica),Dream,N69A2,Yes,2007-11-26,52.0,18.1,201.0,4050.0,MALE
166,Chinstrap penguin (Pygoscelis antarctica),Dream,N70A1,Yes,2007-11-22,45.9,17.1,190.0,3575.0,FEMALE
167,Chinstrap penguin (Pygoscelis antarctica),Dream,N70A2,Yes,2007-11-22,50.5,19.6,201.0,4050.0,MALE
168,Chinstrap penguin (Pygoscelis antarctica),Dream,N71A1,No,2007-11-30,50.3,20.0,197.0,3300.0,MALE
169,Chinstrap penguin (Pygoscelis antarctica),Dream,N71A2,No,2007-11-30,58.0,17.8,181.0,3700.0,FEMALE
170,Chinstrap penguin (Pygoscelis antarctica),Dream,N72A1,Yes,2007-11-30,46.4,18.6,190.0,3450.0,FEMALE
171,Chinstrap penguin (Pygoscelis antarctica),Dream,N72A2,Yes,2007-11-30,49.2,18.2,195.0,4400.0,MALE
172,Chinstrap penguin (Pygoscelis antarctica),Dream,N73A1,Yes,2007-12-03,42.4,17.3,181.0,3600.0,FEMALE
173,Chinstrap penguin (Pygoscelis antarctica),Dream,N73A2,Yes,2007-12-03,48.5,17.5,191.0,3400.0,MALE
174,Chinstrap penguin (Pygoscelis antarctica),Dream,N85A1,No,2007-11-28,43.2,16.6,187.0,2900.0,FEMALE
175,Chinstrap penguin (Pygoscelis antarctica),Dream,N85A2,No,2007-11-28,50.6,19.4,193.0,3800.0,MALE
176,Chinstrap penguin (Pygoscelis antarctica),Dream,N89A1,No,2007-11-28,46.7,17.9,195.0,3300.0,FEMALE
177,Chinstrap penguin (Pygoscelis antarctica),Dream,N89A2,No,2007-11-28,52.0,19.0,197.0,4150.0,MALE
178,Chinstrap penguin (Pygoscelis antarctica),Dream,N61A1,No,2008-11-25,50.5,18.4,200.0,3400.0,FEMALE
179,Chinstrap penguin (Pygoscelis antarctica),Dream,N61A2,No,2008-11-25,49.5,19.0,200.0,3800.0,MALE
180,Chinstrap penguin (Pygoscelis antarctica),Dream,N62A1,Yes,2008-11-14,46.4,17.8,191.0,3700.0,FEMALE
181,Chinstrap penguin (Pygoscelis antarctica),Dream,N62A2,Yes,2008-11-14,52.8,20.0,205.0,4550.0,MALE
182,Chinstrap penguin (Pygoscelis antarctica),Dream,N63A1,Yes,2008-11-24,40.9,16.6,187.0,3200.0,FEMALE
183,Chinstrap penguin (Pygoscelis antarctica),Dream,N63A2,Yes,2008-11-24,54.2,20.8,201.0,4300.0,MALE
184,Chinstrap penguin (Pygoscelis antarctica),Dream,N65A1,Yes,2008-11-24,42.5,16.7,187.0,3350.0,FEMALE
185,Chinstrap penguin (Pygoscelis antarctica),Dream,N65A2,Yes,2008-11-24,51.0,18.8,203.0,4100.0,MALE
186,Chinstrap penguin (Pygoscelis antarctica),Dream,N67A1,Yes,2008-11-25,49.7,18.6,195.0,3600.0,MALE
187,Chinstrap penguin (Pygoscelis antarctica),Dream,N67A2,Yes,2008-11-25,47.5,16.8,199.0,3900.0,FEMALE
188,Chinstrap penguin (Pygoscelis antarctica),Dream,N69A1,Yes,2008-11-14,47.6,18.3,195.0,3850.0,FEMALE
189,Chinstrap penguin (Pygoscelis antarctica),Dream,N69A2,Yes,2008-11-14,52.0,20.7,210.0,4800.0,MALE
190,Chinstrap penguin (Pygoscelis antarctica),Dream,N72A1,No,2008-11-24,46.9,16.6,192.0,2700.0,FEMALE
191,Chinstrap penguin (Pygoscelis antarctica),Dream,N72A2,No,2008-11-24,53.5,19.9,205.0,4500.0,MALE
192,Chinstrap penguin (Pygoscelis antarctica),Dream,N74A1,Yes,2008-11-24,49.0,19.5,210.0,3950.0,MALE
193,Chinstrap penguin (Pygoscelis antarctica),Dream,N74A2,Yes,2008-11-24,46.2,17.5,187.0,3650.0,FEMALE
194,Chinstrap penguin (Pygoscelis antarctica),Dream,N75A1,Yes,2008-11-14,50.9,19.1,196.0,3550.0,MALE
195,Chinstrap penguin (Pygoscelis antarctica),Dream,N75A2,Yes,2008-11-14,45.5,17.0,196.0,3500.0,FEMALE
196,Chinstrap penguin (Pygoscelis antarctica),Dream,N86A1,Yes,2009-11-17,50.9,17.9,196.0,3675.0,FEMALE
197,Chinstrap penguin (Pygoscelis antarctica),Dream,N86A2,Yes,2009-11-17,50.8,18.5,201.0,4450.0,MALE
198,Chinstrap penguin (Pygoscelis antarctica),Dream,N87A1,Yes,2009-11-27,50.1,17.9,190.0,3400.0,FEMALE
199,Chinstrap penguin (Pygoscelis antarctica),Dream,N87A2,Yes,2009-11-27,49.0,19.6,212.0,4300.0,MALE
200,Chinstrap penguin (Pygoscelis antarctica),Dream,N88A1,Yes,2009-11-23,51.5,18.7,187.0,3250.0,MALE
201,Chinstrap penguin (Pygoscelis antarctica),Dream,N88A2,Yes,2009-11-23,49.8,17.3,198.0,3675.0,FEMALE
202,Chinstrap penguin (Pygoscelis antarctica),Dream,N90A1,Yes,2009-11-21,48.1,16.4,199.0,3325.0,FEMALE
203,Chinstrap penguin (Pygoscelis antarctica),Dream,N90A2,Yes,2009-11-21,51.4,19.0,201.0,3950.0,MALE
204,Chinstrap penguin (Pygoscelis antarctica),Dream,N92A1,Yes,2009-11-23,45.7,17.3,193.0,3600.0,FEMALE
205,Chinstrap penguin (Pygoscelis antarctica),Dream,N92A2,Yes,2009-11-23,50.7,19.7,203.0,4050.0,MALE
206,Chinstrap penguin (Pygoscelis antarctica),Dream,N93A1,Yes,2009-11-27,42.5,17.3,187.0,3350.0,FEMALE
207,Chinstrap penguin (Pygoscelis antarctica),Dream,N93A2,Yes,2009-11-27,52.2,18.8,197.0,3450.0,MALE
208,Chinstrap penguin (Pygoscelis antarctica),Dream,N94A1,Yes,2009-11-21,45.2,16.6,191.0,3250.0,FEMALE
209,Chinstrap penguin (Pygoscelis antarctica),Dream,N94A2,Yes,2009-11-21,49.3,19.9,203.0,4050.0,MALE
210,Chinstrap penguin (Pygoscelis antarctica),Dream,N95A1,Yes,2009-11-21,50.2,18.8,202.0,3800.0,MALE
211,Chinstrap penguin (Pygoscelis antarctica),Dream,N95A2,Yes,2009-11-21,45.6,19.4,194.0,3525.0,FEMALE
212,Chinstrap penguin (Pygoscelis antarctica),Dream,N96A1,Yes,2009-11-27,51.9,19.5,206.0,3950.0,MALE
213,Chinstrap penguin (Pygoscelis antarctica),Dream,N96A2,Yes,2009-11-27,46.8,16.5,189.0,3650.0,FEMALE
214,Chinstrap penguin (Pygoscelis antarctica),Dream,N98A1,Yes,2009-11-19,45.7,17.0,195.0,3650.0,FEMALE
215,Chinstrap penguin (Pygoscelis antarctica),Dream,N98A2,Yes,2009-11-19,55.8,19.8,207.0,4000.0,MALE
216,Chinstrap penguin (Pygoscelis antarctica),Dream,N99A1,No,2009-11-21,43.5,18.1,202.0,3400.0,FEMALE
217,Chinstrap penguin (Pygoscelis antarctica),Dream,N99A2,No,2009-11-21,49.6,18.2,193.0,3775.0,MALE
218,Chinstrap penguin (Pygoscelis antarctica),Dream,N100A1,Yes,2009-11-21,50.8,19.0,210.0,4100.0,MALE
219,Chinstrap penguin (Pygoscelis antarctica),Dream,N100A2,Yes,2009-11-21,50.2,18.7,198.0,3775.0,FEMALE
220,Gentoo penguin (Pygoscelis papua),Biscoe,N31A1,Yes,2007-11-27,46.1,13.2,211.0,4500.0,FEMALE
221,Gentoo penguin (Pygoscelis papua),Biscoe,N31A2,Yes,2007-11-27,50.0,16.3,230.0,5700.0,MALE
222,Gentoo penguin (Pygoscelis papua),Biscoe,N32A1,Yes,2007-11-27,48.7,14.1,210.0,4450.0,FEMALE
223,Gentoo penguin (Pygoscelis papua),Biscoe,N32A2,Yes,2007-11-27,50.0,15.2,218.0,5700.0,MALE
224,Gentoo penguin (Pygoscelis papua),Biscoe,N33A1,Yes,2007-11-18,47.6,14.5,215.0,5400.0,MALE
225,Gentoo penguin (Pygoscelis papua),Biscoe,N33A2,Yes,2007-11-18,46.5,13.5,210.0,4550.0,FEMALE
226,Gentoo penguin (Pygoscelis papua),Biscoe,N34A1,Yes,2007-11-27,45.4,14.6,211.0,4800.0,FEMALE
227,Gentoo penguin (Pygoscelis papua),Biscoe,N34A2,Yes,2007-11-27,46.7,15.3,219.0,5200.0,MALE
228,Gentoo penguin (Pygoscelis papua),Biscoe,N35A1,Yes,2007-11-27,43.3,13.4,209.0,4400.0,FEMALE
229,Gentoo penguin (Pygoscelis papua),Biscoe,N35A2,Yes,2007-11-27,46.8,15.4,215.0,5150.0,MALE
230,Gentoo penguin (Pygoscelis papua),Biscoe,N36A1,No,2007-11-27,40.9,13.7,214.0,4650.0,FEMALE
231,Gentoo penguin (Pygoscelis papua),Biscoe,N36A2,No,2007-11-27,49.0,16.1,216.0,5550.0,MALE
232,Gentoo penguin (Pygoscelis papua),Biscoe,N37A1,Yes,2007-11-29,45.5,13.7,214.0,4650.0,FEMALE
233,Gentoo penguin (Pygoscelis papua),Biscoe,N37A2,Yes,2007-11-29,48.4,14.6,213.0,5850.0,MALE
234,Gentoo penguin (Pygoscelis papua),Biscoe,N38A1,Yes,2007-12-03,45.8,14.6,210.0,4200.0,FEMALE
235,Gentoo penguin (Pygoscelis papua),Biscoe,N38A2,Yes,2007-12-03,49.3,15.7,217.0,5850.0,MALE
236,Gentoo penguin (Pygoscelis papua),Biscoe,N39A1,Yes,2007-11-27,42.0,13.5,210.0,4150.0,FEMALE
237,Gentoo penguin (Pygoscelis papua),Biscoe,N39A2,Yes,2007-11-27,49.2,15.2,221.0,6300.0,MALE
238,Gentoo penguin (Pygoscelis papua),Biscoe,N40A1,Yes,2007-11-27,46.2,14.5,209.0,4800.0,FEMALE
239,Gentoo penguin (Pygoscelis papua),Biscoe,N40A2,Yes,2007-11-27,48.7,15.1,222.0,5350.0,MALE
240,Gentoo penguin (Pygoscelis papua),Biscoe,N41A1,Yes,2007-11-27,50.2,14.3,218.0,5700.0,MALE
241,Gentoo penguin (Pygoscelis papua),Biscoe,N41A2,Yes,2007-11-27,45.1,14.5,215.0,5000.0,FEMALE
242,Gentoo penguin (Pygoscelis papua),Biscoe,N42A1,Yes,2007-11-27,46.5,14.5,213.0,4400.0,FEMALE
243,Gentoo penguin (Pygoscelis papua),Biscoe,N42A2,Yes,2007-11-27,46.3,15.8,215.0,5050.0,MALE
244,Gentoo penguin (Pygoscelis papua),Biscoe,N44A1,Yes,2007-11-29,42.9,13.1,215.0,5000.0,FEMALE
245,Gentoo penguin (Pygoscelis papua),Biscoe,N44A2,Yes,2007-11-29,46.1,15.1,215.0,5100.0,MALE
247,Gentoo penguin (Pygoscelis papua),Biscoe,N46A2,Yes,2007-11-29,47.8,15.0,215.0,5650.0,MALE
248,Gentoo penguin (Pygoscelis papua),Biscoe,N47A1,Yes,2007-11-29,48.2,14.3,210.0,4600.0,FEMALE
249,Gentoo penguin (Pygoscelis papua),Biscoe,N47A2,Yes,2007-11-29,50.0,15.3,220.0,5550.0,MALE
250,Gentoo penguin (Pygoscelis papua),Biscoe,N50A1,Yes,2007-11-29,47.3,15.3,222.0,5250.0,MALE
251,Gentoo penguin (Pygoscelis papua),Biscoe,N50A2,Yes,2007-11-29,42.8,14.2,209.0,4700.0,FEMALE
252,Gentoo penguin (Pygoscelis papua),Biscoe,N56A1,Yes,2007-12-03,45.1,14.5,207.0,5050.0,FEMALE
253,Gentoo penguin (Pygoscelis papua),Biscoe,N56A2,Yes,2007-12-03,59.6,17.0,230.0,6050.0,MALE
254,Gentoo penguin (Pygoscelis papua),Biscoe,N2A1,Yes,2008-11-13,49.1,14.8,220.0,5150.0,FEMALE
255,Gentoo penguin (Pygoscelis papua),Biscoe,N2A2,Yes,2008-11-13,48.4,16.3,220.0,5400.0,MALE
256,Gentoo penguin (Pygoscelis papua),Biscoe,N4A1,Yes,2008-11-02,42.6,13.7,213.0,4950.0,FEMALE
257,Gentoo penguin (Pygoscelis papua),Biscoe,N4A2,Yes,2008-11-02,44.4,17.3,219.0,5250.0,MALE
258,Gentoo penguin (Pygoscelis papua),Biscoe,N5A1,Yes,2008-11-09,44.0,13.6,208.0,4350.0,FEMALE
259,Gentoo penguin (Pygoscelis papua),Biscoe,N5A2,Yes,2008-11-09,48.7,15.7,208.0,5350.0,MALE
260,Gentoo penguin (Pygoscelis papua),Biscoe,N6A1,No,2008-11-04,42.7,13.7,208.0,3950.0,FEMALE
261,Gentoo penguin (Pygoscelis papua),Biscoe,N6A2,No,2008-11-04,49.6,16.0,225.0,5700.0,MALE
262,Gentoo penguin (Pygoscelis papua),Biscoe,N7A1,Yes,2008-11-04,45.3,13.7,210.0,4300.0,FEMALE
263,Gentoo penguin (Pygoscelis papua),Biscoe,N7A2,Yes,2008-11-04,49.6,15.0,216.0,4750.0,MALE
264,Gentoo penguin (Pygoscelis papua),Biscoe,N8A1,Yes,2008-11-03,50.5,15.9,222.0,5550.0,MALE
265,Gentoo penguin (Pygoscelis papua),Biscoe,N8A2,Yes,2008-11-03,43.6,13.9,217.0,4900.0,FEMALE
266,Gentoo penguin (Pygoscelis papua),Biscoe,N11A1,No,2008-11-09,45.5,13.9,210.0,4200.0,FEMALE
267,Gentoo penguin (Pygoscelis papua),Biscoe,N11A2,No,2008-11-09,50.5,15.9,225.0,5400.0,MALE
268,Gentoo penguin (Pygoscelis papua),Biscoe,N12A1,Yes,2008-11-02,44.9,13.3,213.0,5100.0,FEMALE
269,Gentoo penguin (Pygoscelis papua),Biscoe,N12A2,Yes,2008-11-02,45.2,15.8,215.0,5300.0,MALE
270,Gentoo penguin (Pygoscelis papua),Biscoe,N13A1,Yes,2008-11-04,46.6,14.2,210.0,4850.0,FEMALE
271,Gentoo penguin (Pygoscelis papua),Biscoe,N13A2,Yes,2008-11-04,48.5,14.1,220.0,5300.0,MALE
272,Gentoo penguin (Pygoscelis papua),Biscoe,N14A1,Yes,2008-11-04,45.1,14.4,210.0,4400.0,FEMALE
273,Gentoo penguin (Pygoscelis papua),Biscoe,N14A2,Yes,2008-11-04,50.1,15.0,225.0,5000.0,MALE
274,Gentoo penguin (Pygoscelis papua),Biscoe,N15A1,Yes,2008-11-04,46.5,14.4,217.0,4900.0,FEMALE
275,Gentoo penguin (Pygoscelis papua),Biscoe,N15A2,Yes,2008-11-04,45.0,15.4,220.0,5050.0,MALE
276,Gentoo penguin (Pygoscelis papua),Biscoe,N16A1,Yes,2008-11-03,43.8,13.9,208.0,4300.0,FEMALE
277,Gentoo penguin (Pygoscelis papua),Biscoe,N16A2,Yes,2008-11-03,45.5,15.0,220.0,5000.0,MALE
278,Gentoo penguin (Pygoscelis papua),Biscoe,N17A1,Yes,2008-11-06,43.2,14.5,208.0,4450.0,FEMALE
279,Gentoo penguin (Pygoscelis papua),Biscoe,N17A2,Yes,2008-11-06,50.4,15.3,224.0,5550.0,MALE
280,Gentoo penguin (Pygoscelis papua),Biscoe,N18A1,Yes,2008-11-03,45.3,13.8,208.0,4200.0,FEMALE
281,Gentoo penguin (Pygoscelis papua),Biscoe,N18A2,Yes,2008-11-03,46.2,14.9,221.0,5300.0,MALE
282,Gentoo penguin (Pygoscelis papua),Biscoe,N19A1,Yes,2008-11-13,45.7,13.9,214.0,4400.0,FEMALE
283,Gentoo penguin (Pygoscelis papua),Biscoe,N19A2,Yes,2008-11-13,54.3,15.7,231.0,5650.0,MALE
284,Gentoo penguin (Pygoscelis papua),Biscoe,N20A1,Yes,2008-11-04,45.8,14.2,219.0,4700.0,FEMALE
285,Gentoo penguin (Pygoscelis papua),Biscoe,N20A2,Yes,2008-11-04,49.8,16.8,230.0,5700.0,MALE
287,Gentoo penguin (Pygoscelis papua),Biscoe,N51A2,Yes,2008-11-09,49.5,16.2,229.0,5800.0,MALE
288,Gentoo penguin (Pygoscelis papua),Biscoe,N53A1,Yes,2008-11-13,43.5,14.2,220.0,4700.0,FEMALE
289,Gentoo penguin (Pygoscelis papua),Biscoe,N53A2,Yes,2008-11-13,50.7,15.0,223.0,5550.0,MALE
290,Gentoo penguin (Pygoscelis papua),Biscoe,N54A1,Yes,2008-11-03,47.7,15.0,216.0,4750.0,FEMALE
291,Gentoo penguin (Pygoscelis papua),Biscoe,N54A2,Yes,2008-11-03,46.4,15.6,221.0,5000.0,MALE
292,Gentoo penguin (Pygoscelis papua),Biscoe,N55A1,Yes,2008-11-09,48.2,15.6,221.0,5100.0,MALE
293,Gentoo penguin (Pygoscelis papua),Biscoe,N55A2,Yes,2008-11-09,46.5,14.8,217.0,5200.0,FEMALE
294,Gentoo penguin (Pygoscelis papua),Biscoe,N56A1,Yes,2008-11-06,46.4,15.0,216.0,4700.0,FEMALE
295,Gentoo penguin (Pygoscelis papua),Biscoe,N56A2,Yes,2008-11-06,48.6,16.0,230.0,5800.0,MALE
296,Gentoo penguin (Pygoscelis papua),Biscoe,N58A1,Yes,2008-11-06,47.5,14.2,209.0,4600.0,FEMALE
297,Gentoo penguin (Pygoscelis papua),Biscoe,N58A2,Yes,2008-11-06,51.1,16.3,220.0,6000.0,MALE
298,Gentoo penguin (Pygoscelis papua),Biscoe,N60A1,Yes,2008-11-09,45.2,13.8,215.0,4750.0,FEMALE
299,Gentoo penguin (Pygoscelis papua),Biscoe,N60A2,Yes,2008-11-09,45.2,16.4,223.0,5950.0,MALE
300,Gentoo penguin (Pygoscelis papua),Biscoe,N1A1,Yes,2009-11-18,49.1,14.5,212.0,4625.0,FEMALE
301,Gentoo penguin (Pygoscelis papua),Biscoe,N1A2,Yes,2009-11-18,52.5,15.6,221.0,5450.0,MALE
302,Gentoo penguin (Pygoscelis papua),Biscoe,N6A1,Yes,2009-11-15,47.4,14.6,212.0,4725.0,FEMALE
303,Gentoo penguin (Pygoscelis papua),Biscoe,N6A2,Yes,2009-11-15,50.0,15.9,224.0,5350.0,MALE
304,Gentoo penguin (Pygoscelis papua),Biscoe,N8A1,Yes,2009-11-22,44.9,13.8,212.0,4750.0,FEMALE
305,Gentoo penguin (Pygoscelis papua),Biscoe,N8A2,Yes,2009-11-22,50.8,17.3,228.0,5600.0,MALE
306,Gentoo penguin (Pygoscelis papua),Biscoe,N13A1,Yes,2009-11-20,43.4,14.4,218.0,4600.0,FEMALE
307,Gentoo penguin (Pygoscelis papua),Biscoe,N13A2,Yes,2009-11-20,51.3,14.2,218.0,5300.0,MALE
308,Gentoo penguin (Pygoscelis papua),Biscoe,N14A1,Yes,2009-11-25,47.5,14.0,212.0,4875.0,FEMALE
309,Gentoo penguin (Pygoscelis papua),Biscoe,N14A2,Yes,2009-11-25,52.1,17.0,230.0,5550.0,MALE
310,Gentoo penguin (Pygoscelis papua),Biscoe,N15A1,Yes,2009-11-25,47.5,15.0,218.0,4950.0,FEMALE
311,Gentoo penguin (Pygoscelis papua),Biscoe,N15A2,Yes,2009-11-25,52.2,17.1,228.0,5400.0,MALE
312,Gentoo penguin (Pygoscelis papua),Biscoe,N18A1,Yes,2009-12-01,45.5,14.5,212.0,4750.0,FEMALE
313,Gentoo penguin (Pygoscelis papua),Biscoe,N18A2,Yes,2009-12-01,49.5,16.1,224.0,5650.0,MALE
314,Gentoo penguin (Pygoscelis papua),Biscoe,N19A1,Yes,2009-11-27,44.5,14.7,214.0,4850.0,FEMALE
315,Gentoo penguin (Pygoscelis papua),Biscoe,N19A2,Yes,2009-11-27,50.8,15.7,226.0,5200.0,MALE
316,Gentoo penguin (Pygoscelis papua),Biscoe,N20A1,Yes,2009-11-18,49.4,15.8,216.0,4925.0,MALE
317,Gentoo penguin (Pygoscelis papua),Biscoe,N20A2,Yes,2009-11-18,46.9,14.6,222.0,4875.0,FEMALE
318,Gentoo penguin (Pygoscelis papua),Biscoe,N21A1,Yes,2009-11-18,48.4,14.4,203.0,4625.0,FEMALE
319,Gentoo penguin (Pygoscelis papua),Biscoe,N21A2,Yes,2009-11-18,51.1,16.5,225.0,5250.0,MALE
320,Gentoo penguin (Pygoscelis papua),Biscoe,N22A1,Yes,2009-11-22,48.5,15.0,219.0,4850.0,FEMALE
321,Gentoo penguin (Pygoscelis papua),Biscoe,N22A2,Yes,2009-11-22,55.9,17.0,228.0,5600.0,MALE
322,Gentoo penguin (Pygoscelis papua),Biscoe,N23A1,Yes,2009-11-18,47.2,15.5,215.0,4975.0,FEMALE
323,Gentoo penguin (Pygoscelis papua),Biscoe,N23A2,Yes,2009-11-18,49.1,15.0,228.0,5500.0,MALE
325,Gentoo penguin (Pygoscelis papua),Biscoe,N24A2,Yes,2009-12-01,46.8,16.1,215.0,5500.0,MALE
326,Gentoo penguin (Pygoscelis papua),Biscoe,N28A1,Yes,2009-11-10,41.7,14.7,210.0,4700.0,FEMALE
327,Gentoo penguin (Pygoscelis papua),Biscoe,N28A2,Yes,2009-11-10,53.4,15.8,219.0,5500.0,MALE
328,Gentoo penguin (Pygoscelis papua),Biscoe,N29A1,Yes,2009-11-09,43.3,14.0,208.0,4575.0,FEMALE
329,Gentoo penguin (Pygoscelis papua),Biscoe,N29A2,Yes,2009-11-09,48.1,15.1,209.0,5500.0,MALE
330,Gentoo penguin (Pygoscelis papua),Biscoe,N32A1,Yes,2009-11-20,50.5,15.2,216.0,5000.0,FEMALE
331,Gentoo penguin (Pygoscelis papua),Biscoe,N32A2,Yes,2009-11-20,49.8,15.9,229.0,5950.0,MALE
332,Gentoo penguin (Pygoscelis papua),Biscoe,N34A1,Yes,2009-11-27,43.5,15.2,213.0,4650.0,FEMALE
333,Gentoo penguin (Pygoscelis papua),Biscoe,N34A2,Yes,2009-11-27,51.5,16.3,230.0,5500.0,MALE
334,Gentoo penguin (Pygoscelis papua),Biscoe,N35A1,Yes,2009-11-25,46.2,14.1,217.0,4375.0,FEMALE
335,Gentoo penguin (Pygoscelis papua),Biscoe,N35A2,Yes,2009-11-25,55.1,16.0,230.0,5850.0,MALE
337,Gentoo penguin (Pygoscelis papua),Biscoe,N36A2,Yes,2009-12-01,48.8,16.2,222.0,6000.0,MALE
338,Gentoo penguin (Pygoscelis papua),Biscoe,N38A1,No,2009-12-01,47.2,13.7,214.0,4925.0,FEMALE
340,Gentoo penguin (Pygoscelis papua),Biscoe,N39A1,Yes,2009-11-22,46.8,14.3,215.0,4850.0,FEMALE
341,Gentoo penguin (Pygoscelis papua),Biscoe,N39A2,Yes,2009-11-22,50.4,15.7,222.0,5750.0,MALE
342,Gentoo penguin (Pygoscelis papua),Biscoe,N43A1,Yes,2009-11-22,45.2,14.8,212.0,5200.0,FEMALE
343,Gentoo penguin (Pygoscelis papua),Biscoe,N43A2,Yes,2009-11-22,49.9,16.1,213.0,5400.0,MALE
